step,epoch,train_loss
35,6680,81.2
36,6680,81.2
37,6680,69.6
38,6680,69.6
39,6680,70.0
40,6680,70.0
41,6680,67.3
42,6680,67.3
43,6680,61.6
44,6680,61.6
45,6680,62.5
46,6680,62.5
47,6680,57.9
48,6680,57.9
49,6680,58.9
50,6680,58.9
51,6680,56.7
52,6680,56.7
53,6680,54.8
54,6680,54.8
55,6680,54.0
56,6680,54.0
57,6680,53.5
58,6680,53.5
59,6680,52.9
60,6680,52.9
61,6680,53.2
62,6680,53.2
63,6680,48.7
64,6680,48.7
65,6680,52.3
66,6680,52.3
67,6680,51.7
68,6680,51.7
69,6680,49.0
70,6680,49.0
71,6680,49.7
72,6680,49.7
73,6680,48.8
74,6680,48.8
75,6680,48.5
76,6680,48.5
77,6680,50.6
78,6680,50.6
79,6680,51.0
80,6680,51.0
81,6680,50.9
82,6680,50.9
83,6680,47.0
84,6680,47.0
85,6680,49.8
86,6680,49.8
87,6680,48.6
88,6680,48.6
89,6680,50.4
90,6680,50.4
91,6680,49.1
92,6680,49.1
93,6680,51.0
94,6680,51.0
95,6680,47.2
96,6680,47.2
97,6680,48.0
98,6680,48.0
99,6680,48.0
100,6680,48.0
101,6680,47.1
102,6680,47.1
103,6680,45.7
104,6680,45.7
105,6680,45.2
106,6680,45.2
107,6680,46.9
108,6680,46.9
109,6680,49.3
110,6680,49.3
111,6680,47.6
112,6680,47.6
113,6680,46.4
114,6680,46.4
115,6680,47.4
116,6680,47.4
117,6680,44.6
118,6680,44.6
119,6680,45.5
120,6680,45.5
121,6680,46.8
122,6680,46.8
123,6680,46.7
124,6680,46.7
125,6680,45.6
126,6680,45.6
127,6680,47.6
128,6680,47.6
129,6680,46.0
130,6680,46.0
131,6680,47.1
132,6680,47.1
133,6680,45.9
134,6680,45.9
135,6680,46.9
136,6680,46.9
137,6680,46.1
138,6680,46.1
139,6680,46.1
140,6680,46.1
141,6680,44.6
142,6680,44.6
143,6680,45.3
144,6680,45.3
145,6680,44.8
146,6680,44.8
147,6680,44.4
148,6680,44.4
149,6680,44.1
150,6680,44.1
151,6680,46.5
152,6680,46.5
153,6680,46.3
154,6680,46.3
155,6680,45.6
156,6680,45.6
157,6680,45.3
158,6680,45.3
159,6680,46.8
160,6680,46.8
161,6680,45.4
162,6680,45.4
163,6680,44.5
164,6680,44.5
165,6680,46.2
166,6680,46.2
167,6680,44.8
168,6680,44.8
169,6680,43.8
170,6680,43.8
171,6680,45.6
172,6680,45.6
173,6680,44.9
174,6680,44.9
175,6680,41.5
176,6680,41.5
177,6680,45.4
178,6680,45.4
179,6680,43.6
180,6680,43.6
181,6680,45.3
182,6680,45.3
183,6680,46.5
184,6680,46.5
185,6680,45.3
186,6680,45.3
187,6680,45.0
188,6680,45.0
189,6680,43.6
190,6680,43.6
191,6680,45.7
192,6680,45.7
193,6680,44.8
194,6680,44.8
195,6680,45.9
196,6680,45.9
197,6680,42.6
198,6680,42.6
199,6680,45.1
200,6680,45.1
201,6680,45.2
202,6680,45.2
203,6680,45.0
204,6680,45.0
205,6680,46.2
206,6680,46.2
207,6680,43.9
208,6680,43.9
209,6680,45.0
210,6680,45.0
211,6680,44.8
212,6680,44.8
213,6680,51.4
180,6680,51.4
216,6680,51.4
217,6681,51.4
218,6681,51.4
219,6681,44.9
220,6681,44.9
221,6681,42.8
222,6681,42.8
223,6681,44.9
224,6681,44.9
225,6681,43.7
226,6681,43.7
227,6681,45.2
228,6681,45.2
229,6681,45.6
230,6681,45.6
231,6681,43.0
232,6681,43.0
233,6681,45.1
234,6681,45.1
235,6681,45.5
236,6681,45.5
237,6681,44.3
238,6681,44.3
239,6681,42.4
240,6681,42.4
241,6681,44.4
242,6681,44.4
243,6681,45.1
244,6681,45.1
245,6681,44.6
246,6681,44.6
247,6681,43.4
248,6681,43.4
249,6681,44.0
250,6681,44.0
251,6681,42.1
252,6681,42.1
253,6681,44.1
254,6681,44.1
255,6681,44.7
256,6681,44.7
257,6681,47.9
258,6681,47.9
259,6681,43.3
260,6681,43.3
261,6681,46.4
262,6681,46.4
263,6681,45.6
264,6681,45.6
265,6681,43.5
266,6681,43.5
267,6681,44.6
268,6681,44.6
269,6681,42.3
270,6681,42.3
271,6681,42.1
272,6681,42.1
273,6681,44.1
274,6681,44.1
275,6681,43.0
276,6681,43.0
277,6681,43.7
278,6681,43.7
279,6681,43.1
280,6681,43.1
281,6681,44.1
282,6681,44.1
283,6681,42.9
284,6681,42.9
285,6681,42.9
286,6681,42.9
287,6681,44.2
288,6681,44.2
289,6681,45.4
290,6681,45.4
291,6681,45.0
292,6681,45.0
293,6681,44.5
294,6681,44.5
295,6681,42.9
296,6681,42.9
297,6681,43.7
298,6681,43.7
299,6681,41.7
300,6681,41.7
301,6681,42.8
302,6681,42.8
303,6681,44.4
304,6681,44.4
305,6681,43.4
306,6681,43.4
307,6681,43.8
308,6681,43.8
309,6681,43.6
310,6681,43.6
311,6681,45.5
312,6681,45.5
313,6681,43.6
314,6681,43.6
315,6681,43.0
316,6681,43.0
317,6681,42.6
318,6681,42.6
319,6681,43.3
320,6681,43.3
321,6681,44.7
322,6681,44.7
323,6681,42.8
324,6681,42.8
325,6681,44.3
326,6681,44.3
327,6681,42.7
328,6681,42.7
329,6681,44.9
330,6681,44.9
331,6681,42.6
332,6681,42.6
333,6681,43.7
334,6681,43.7
335,6681,43.3
336,6681,43.3
337,6681,42.0
338,6681,42.0
339,6681,43.1
340,6681,43.1
341,6681,42.9
342,6681,42.9
343,6681,43.7
344,6681,43.7
345,6681,44.1
346,6681,44.1
347,6681,44.3
348,6681,44.3
349,6681,42.2
350,6681,42.2
351,6681,43.0
352,6681,43.0
353,6681,43.8
354,6681,43.8
355,6681,45.3
356,6681,45.3
357,6681,41.7
358,6681,41.7
359,6681,42.8
360,6681,42.8
361,6681,43.9
362,6681,43.9
363,6681,42.0
364,6681,42.0
365,6681,45.4
366,6681,45.4
367,6681,44.4
368,6681,44.4
369,6681,45.2
370,6681,45.2
371,6681,43.9
372,6681,43.9
373,6681,42.1
374,6681,42.1
375,6681,44.1
376,6681,44.1
377,6681,44.8
378,6681,44.8
379,6681,43.9
380,6681,43.9
381,6681,42.0
382,6681,42.0
383,6681,41.6
384,6681,41.6
385,6681,42.8
386,6681,42.8
387,6681,44.3
388,6681,44.3
389,6681,46.0
390,6681,46.0
391,6681,43.2
392,6681,43.2
393,6681,44.8
394,6681,44.8
395,6681,43.9
396,6681,43.9
397,6681,43.7
360,6681,43.7
400,6681,43.7
401,6682,43.7
402,6682,43.7
403,6682,42.0
404,6682,42.0
405,6682,42.3
406,6682,42.3
407,6682,43.0
408,6682,43.0
409,6682,44.5
410,6682,44.5
411,6682,42.6
412,6682,42.6
413,6682,44.1
414,6682,44.1
415,6682,42.8
416,6682,42.8
417,6682,44.0
418,6682,44.0
419,6682,43.4
420,6682,43.4
421,6682,43.3
422,6682,43.3
423,6682,42.0
424,6682,42.0
425,6682,42.2
426,6682,42.2
427,6682,41.3
428,6682,41.3
429,6682,41.6
430,6682,41.6
431,6682,41.1
432,6682,41.1
433,6682,45.0
434,6682,45.0
435,6682,41.7
436,6682,41.7
437,6682,44.4
438,6682,44.4
439,6682,43.3
440,6682,43.3
441,6682,43.7
442,6682,43.7
443,6682,42.4
444,6682,42.4
445,6682,42.7
446,6682,42.7
447,6682,42.3
448,6682,42.3
449,6682,43.6
450,6682,43.6
451,6682,41.5
452,6682,41.5
453,6682,43.2
454,6682,43.2
455,6682,43.1
456,6682,43.1
457,6682,41.8
458,6682,41.8
459,6682,43.5
460,6682,43.5
461,6682,43.2
462,6682,43.2
463,6682,44.7
464,6682,44.7
465,6682,42.9
466,6682,42.9
467,6682,43.2
468,6682,43.2
469,6682,41.9
470,6682,41.9
471,6682,41.4
472,6682,41.4
473,6682,42.8
474,6682,42.8
475,6682,42.2
476,6682,42.2
477,6682,41.8
478,6682,41.8
479,6682,42.8
480,6682,42.8
481,6682,43.2
482,6682,43.2
483,6682,41.6
484,6682,41.6
485,6682,40.3
486,6682,40.3
487,6682,42.6
488,6682,42.6
489,6682,43.4
490,6682,43.4
491,6682,43.1
492,6682,43.1
493,6682,42.6
494,6682,42.6
495,6682,42.5
496,6682,42.5
497,6682,43.4
498,6682,43.4
499,6682,42.6
500,6682,42.6
501,6682,42.2
502,6682,42.2
503,6682,43.6
504,6682,43.6
505,6682,39.8
506,6682,39.8
507,6682,43.0
508,6682,43.0
509,6682,43.8
510,6682,43.8
511,6682,43.8
512,6682,43.8
513,6682,43.5
514,6682,43.5
515,6682,42.5
516,6682,42.5
517,6682,41.4
518,6682,41.4
519,6682,41.9
520,6682,41.9
521,6682,43.0
522,6682,43.0
523,6682,42.5
524,6682,42.5
525,6682,41.5
526,6682,41.5
527,6682,44.0
528,6682,44.0
529,6682,41.5
530,6682,41.5
531,6682,44.9
532,6682,44.9
533,6682,42.4
534,6682,42.4
535,6682,43.4
536,6682,43.4
537,6682,44.1
538,6682,44.1
539,6682,42.8
540,6682,42.8
541,6682,43.5
542,6682,43.5
543,6682,43.0
544,6682,43.0
545,6682,42.2
546,6682,42.2
547,6682,42.6
548,6682,42.6
549,6682,43.0
550,6682,43.0
551,6682,45.3
552,6682,45.3
553,6682,43.6
554,6682,43.6
555,6682,43.1
556,6682,43.1
557,6682,43.0
558,6682,43.0
559,6682,45.2
560,6682,45.2
561,6682,41.7
562,6682,41.7
563,6682,44.7
564,6682,44.7
565,6682,41.1
566,6682,41.1
567,6682,43.0
568,6682,43.0
569,6682,42.4
570,6682,42.4
571,6682,42.6
572,6682,42.6
573,6682,44.6
574,6682,44.6
575,6682,42.9
576,6682,42.9
577,6682,42.5
578,6682,42.5
579,6682,41.0
580,6682,41.0
581,6682,43.7
540,6682,43.7
584,6682,43.7
585,6683,43.7
586,6683,43.7
587,6683,41.5
588,6683,41.5
589,6683,41.8
590,6683,41.8
591,6683,41.6
592,6683,41.6
593,6683,42.3
594,6683,42.3
595,6683,44.5
596,6683,44.5
597,6683,43.1
598,6683,43.1
599,6683,41.0
600,6683,41.0
601,6683,43.3
602,6683,43.3
603,6683,42.8
604,6683,42.8
605,6683,43.1
606,6683,43.1
607,6683,41.4
608,6683,41.4
609,6683,43.3
610,6683,43.3
611,6683,42.9
612,6683,42.9
613,6683,42.8
614,6683,42.8
615,6683,41.5
616,6683,41.5
617,6683,41.1
618,6683,41.1
619,6683,43.2
620,6683,43.2
621,6683,42.6
622,6683,42.6
623,6683,42.2
624,6683,42.2
625,6683,41.8
626,6683,41.8
627,6683,42.9
628,6683,42.9
629,6683,41.2
630,6683,41.2
631,6683,41.8
632,6683,41.8
633,6683,42.8
634,6683,42.8
635,6683,41.0
636,6683,41.0
637,6683,40.9
638,6683,40.9
639,6683,41.7
640,6683,41.7
641,6683,41.9
642,6683,41.9
643,6683,41.8
644,6683,41.8
645,6683,42.7
646,6683,42.7
647,6683,42.3
648,6683,42.3
649,6683,43.3
650,6683,43.3
651,6683,42.8
652,6683,42.8
653,6683,43.8
654,6683,43.8
655,6683,42.0
656,6683,42.0
657,6683,44.2
658,6683,44.2
659,6683,41.9
660,6683,41.9
661,6683,39.3
662,6683,39.3
663,6683,41.2
664,6683,41.2
665,6683,42.6
666,6683,42.6
667,6683,39.9
668,6683,39.9
669,6683,41.6
670,6683,41.6
671,6683,43.7
672,6683,43.7
673,6683,42.6
674,6683,42.6
675,6683,42.4
676,6683,42.4
677,6683,41.5
678,6683,41.5
679,6683,42.6
680,6683,42.6
681,6683,43.3
682,6683,43.3
683,6683,40.7
684,6683,40.7
685,6683,41.2
686,6683,41.2
687,6683,42.2
688,6683,42.2
689,6683,42.0
690,6683,42.0
691,6683,41.3
692,6683,41.3
693,6683,41.5
694,6683,41.5
695,6683,42.0
696,6683,42.0
697,6683,42.9
698,6683,42.9
699,6683,41.6
700,6683,41.6
701,6683,41.3
702,6683,41.3
703,6683,41.4
704,6683,41.4
705,6683,41.6
706,6683,41.6
707,6683,42.6
708,6683,42.6
709,6683,42.8
710,6683,42.8
711,6683,42.3
712,6683,42.3
713,6683,43.0
714,6683,43.0
715,6683,42.4
716,6683,42.4
717,6683,42.8
718,6683,42.8
719,6683,41.7
720,6683,41.7
721,6683,41.8
722,6683,41.8
723,6683,40.7
724,6683,40.7
725,6683,42.6
726,6683,42.6
727,6683,41.7
728,6683,41.7
729,6683,43.9
730,6683,43.9
731,6683,41.2
732,6683,41.2
733,6683,41.0
734,6683,41.0
735,6683,43.5
736,6683,43.5
737,6683,42.1
738,6683,42.1
739,6683,43.1
740,6683,43.1
741,6683,41.8
742,6683,41.8
743,6683,41.7
744,6683,41.7
745,6683,42.2
746,6683,42.2
747,6683,42.1
748,6683,42.1
749,6683,42.3
750,6683,42.3
751,6683,43.5
752,6683,43.5
753,6683,41.5
754,6683,41.5
755,6683,43.6
756,6683,43.6
757,6683,43.3
758,6683,43.3
759,6683,41.9
760,6683,41.9
761,6683,42.3
762,6683,42.3
763,6683,42.4
764,6683,42.4
765,6683,49.2
720,6683,49.2
768,6683,49.2
769,6684,49.2
770,6684,49.2
771,6684,42.6
772,6684,42.6
773,6684,41.6
774,6684,41.6
775,6684,43.8
776,6684,43.8
777,6684,43.4
778,6684,43.4
779,6684,42.2
780,6684,42.2
781,6684,43.0
782,6684,43.0
783,6684,41.8
784,6684,41.8
785,6684,42.8
786,6684,42.8
787,6684,41.2
788,6684,41.2
789,6684,43.1
790,6684,43.1
791,6684,42.5
792,6684,42.5
793,6684,43.4
794,6684,43.4
795,6684,42.0
796,6684,42.0
797,6684,42.9
798,6684,42.9
799,6684,40.1
800,6684,40.1
801,6684,43.6
802,6684,43.6
803,6684,42.8
804,6684,42.8
805,6684,42.4
806,6684,42.4
807,6684,40.8
808,6684,40.8
809,6684,43.1
810,6684,43.1
811,6684,40.7
812,6684,40.7
813,6684,42.1
814,6684,42.1
815,6684,42.5
816,6684,42.5
817,6684,41.6
818,6684,41.6
819,6684,41.3
820,6684,41.3
821,6684,41.3
822,6684,41.3
823,6684,41.6
824,6684,41.6
825,6684,40.0
826,6684,40.0
827,6684,42.4
828,6684,42.4
829,6684,41.3
830,6684,41.3
831,6684,42.7
832,6684,42.7
833,6684,40.1
834,6684,40.1
835,6684,43.0
836,6684,43.0
837,6684,43.7
838,6684,43.7
839,6684,42.3
840,6684,42.3
841,6684,41.7
842,6684,41.7
843,6684,42.8
844,6684,42.8
845,6684,42.1
846,6684,42.1
847,6684,41.4
848,6684,41.4
849,6684,39.9
850,6684,39.9
851,6684,41.3
852,6684,41.3
853,6684,42.2
854,6684,42.2
855,6684,42.4
856,6684,42.4
857,6684,41.2
858,6684,41.2
859,6684,41.3
860,6684,41.3
861,6684,43.4
862,6684,43.4
863,6684,40.7
864,6684,40.7
865,6684,41.7
866,6684,41.7
867,6684,41.9
868,6684,41.9
869,6684,42.2
870,6684,42.2
871,6684,42.6
872,6684,42.6
873,6684,41.4
874,6684,41.4
875,6684,41.3
876,6684,41.3
877,6684,42.9
878,6684,42.9
879,6684,43.6
880,6684,43.6
881,6684,40.6
882,6684,40.6
883,6684,44.2
884,6684,44.2
885,6684,41.5
886,6684,41.5
887,6684,42.1
888,6684,42.1
889,6684,43.2
890,6684,43.2
891,6684,41.5
892,6684,41.5
893,6684,41.9
894,6684,41.9
895,6684,42.3
896,6684,42.3
897,6684,40.9
898,6684,40.9
899,6684,42.4
900,6684,42.4
901,6684,42.6
902,6684,42.6
903,6684,40.8
904,6684,40.8
905,6684,39.4
906,6684,39.4
907,6684,41.8
908,6684,41.8
909,6684,42.8
910,6684,42.8
911,6684,42.1
912,6684,42.1
913,6684,42.9
914,6684,42.9
915,6684,42.3
916,6684,42.3
917,6684,41.7
918,6684,41.7
919,6684,42.7
920,6684,42.7
921,6684,42.0
922,6684,42.0
923,6684,42.3
924,6684,42.3
925,6684,41.7
926,6684,41.7
927,6684,44.2
928,6684,44.2
929,6684,41.1
930,6684,41.1
931,6684,43.5
932,6684,43.5
933,6684,39.5
934,6684,39.5
935,6684,40.3
936,6684,40.3
937,6684,41.6
938,6684,41.6
939,6684,43.6
940,6684,43.6
941,6684,43.9
942,6684,43.9
943,6684,42.6
944,6684,42.6
945,6684,43.3
946,6684,43.3
947,6684,41.5
948,6684,41.5
949,6684,49.7
900,6684,49.7
953,6684,49.7
954,6685,49.7
955,6685,49.7
956,6685,41.5
957,6685,41.5
958,6685,42.5
959,6685,42.5
960,6685,43.0
961,6685,43.0
962,6685,42.0
963,6685,42.0
964,6685,43.3
965,6685,43.3
966,6685,42.0
967,6685,42.0
968,6685,42.9
969,6685,42.9
970,6685,42.5
971,6685,42.5
972,6685,41.0
973,6685,41.0
974,6685,42.8
975,6685,42.8
976,6685,44.1
977,6685,44.1
978,6685,41.7
979,6685,41.7
980,6685,40.9
981,6685,40.9
982,6685,42.7
983,6685,42.7
984,6685,42.3
985,6685,42.3
986,6685,42.8
987,6685,42.8
988,6685,44.4
989,6685,44.4
990,6685,41.1
991,6685,41.1
992,6685,41.4
993,6685,41.4
994,6685,42.3
995,6685,42.3
996,6685,41.3
997,6685,41.3
998,6685,40.7
999,6685,40.7
1000,6685,42.7
1001,6685,42.7
1002,6685,38.8
1003,6685,38.8
1004,6685,42.8
1005,6685,42.8
1006,6685,47.1
1007,6685,47.1
1008,6685,42.2
1009,6685,42.2
1010,6685,42.6
1011,6685,42.6
1012,6685,43.2
1013,6685,43.2
1014,6685,40.4
1015,6685,40.4
1016,6685,41.5
1017,6685,41.5
1018,6685,41.7
1019,6685,41.7
1020,6685,41.7
1021,6685,41.7
1022,6685,41.9
1023,6685,41.9
1024,6685,42.0
1025,6685,42.0
1026,6685,43.8
1027,6685,43.8
1028,6685,41.3
1029,6685,41.3
1030,6685,41.0
1031,6685,41.0
1032,6685,41.5
1033,6685,41.5
1034,6685,40.2
1035,6685,40.2
1036,6685,41.5
1037,6685,41.5
1038,6685,39.1
1039,6685,39.1
1040,6685,41.7
1041,6685,41.7
1042,6685,41.1
1043,6685,41.1
1044,6685,42.1
1045,6685,42.1
1046,6685,40.7
1047,6685,40.7
1048,6685,41.6
1049,6685,41.6
1050,6685,42.9
1051,6685,42.9
1052,6685,42.0
1053,6685,42.0
1054,6685,41.0
1055,6685,41.0
1056,6685,41.9
1057,6685,41.9
1058,6685,41.7
1059,6685,41.7
1060,6685,42.0
1061,6685,42.0
1062,6685,39.9
1063,6685,39.9
1064,6685,41.7
1065,6685,41.7
1066,6685,42.0
1067,6685,42.0
1068,6685,41.6
1069,6685,41.6
1070,6685,42.5
1071,6685,42.5
1072,6685,39.9
1073,6685,39.9
1074,6685,42.3
1075,6685,42.3
1076,6685,40.3
1077,6685,40.3
1078,6685,42.7
1079,6685,42.7
1080,6685,40.8
1081,6685,40.8
1082,6685,40.4
1083,6685,40.4
1084,6685,41.7
1085,6685,41.7
1086,6685,41.8
1087,6685,41.8
1088,6685,41.1
1089,6685,41.1
1090,6685,41.1
1091,6685,41.1
1092,6685,42.3
1093,6685,42.3
1094,6685,41.2
1095,6685,41.2
1096,6685,41.6
1097,6685,41.6
1098,6685,43.4
1099,6685,43.4
1100,6685,39.7
1101,6685,39.7
1102,6685,41.3
1103,6685,41.3
1104,6685,42.3
1105,6685,42.3
1106,6685,42.1
1107,6685,42.1
1108,6685,44.3
1109,6685,44.3
1110,6685,40.1
1111,6685,40.1
1112,6685,42.4
1113,6685,42.4
1114,6685,38.5
1115,6685,38.5
1116,6685,43.8
1117,6685,43.8
1118,6685,43.6
1119,6685,43.6
1120,6685,43.6
1121,6685,43.6
1122,6685,40.6
1123,6685,40.6
1124,6685,42.9
1125,6685,42.9
1126,6685,41.8
1127,6685,41.8
1128,6685,43.4
1129,6685,43.4
1130,6685,41.6
1131,6685,41.6
1132,6685,42.4
1133,6685,42.4
1134,6685,48.6
1080,6685,48.6
1137,6685,48.6
1138,6686,48.6
1139,6686,48.6
1140,6686,40.9
1141,6686,40.9
1142,6686,41.2
1143,6686,41.2
1144,6686,42.9
1145,6686,42.9
1146,6686,42.1
1147,6686,42.1
1148,6686,42.0
1149,6686,42.0
1150,6686,41.8
1151,6686,41.8
1152,6686,41.1
1153,6686,41.1
1154,6686,41.7
1155,6686,41.7
1156,6686,43.0
1157,6686,43.0
1158,6686,41.5
1159,6686,41.5
1160,6686,40.4
1161,6686,40.4
1162,6686,40.8
1163,6686,40.8
1164,6686,39.0
1165,6686,39.0
1166,6686,39.6
1167,6686,39.6
1168,6686,40.9
1169,6686,40.9
1170,6686,42.0
1171,6686,42.0
1172,6686,41.6
1173,6686,41.6
1174,6686,42.4
1175,6686,42.4
1176,6686,42.3
1177,6686,42.3
1178,6686,38.9
1179,6686,38.9
1180,6686,41.8
1181,6686,41.8
1182,6686,42.7
1183,6686,42.7
1184,6686,40.7
1185,6686,40.7
1186,6686,41.1
1187,6686,41.1
1188,6686,40.6
1189,6686,40.6
1190,6686,42.7
1191,6686,42.7
1192,6686,41.8
1193,6686,41.8
1194,6686,43.0
1195,6686,43.0
1196,6686,42.2
1197,6686,42.2
1198,6686,41.2
1199,6686,41.2
1200,6686,42.7
1201,6686,42.7
1202,6686,41.9
1203,6686,41.9
1204,6686,41.9
1205,6686,41.9
1206,6686,41.8
1207,6686,41.8
1208,6686,39.5
1209,6686,39.5
1210,6686,42.0
1211,6686,42.0
1212,6686,43.0
1213,6686,43.0
1214,6686,41.5
1215,6686,41.5
1216,6686,41.9
1217,6686,41.9
1218,6686,41.7
1219,6686,41.7
1220,6686,40.1
1221,6686,40.1
1222,6686,41.6
1223,6686,41.6
1224,6686,42.9
1225,6686,42.9
1226,6686,41.2
1227,6686,41.2
1228,6686,39.8
1229,6686,39.8
1230,6686,39.8
1231,6686,39.8
1232,6686,43.3
1233,6686,43.3
1234,6686,44.1
1235,6686,44.1
1236,6686,42.5
1237,6686,42.5
1238,6686,41.6
1239,6686,41.6
1240,6686,42.1
1241,6686,42.1
1242,6686,41.0
1243,6686,41.0
1244,6686,42.1
1245,6686,42.1
1246,6686,42.2
1247,6686,42.2
1248,6686,40.6
1249,6686,40.6
1250,6686,42.4
1251,6686,42.4
1252,6686,41.0
1253,6686,41.0
1254,6686,42.8
1255,6686,42.8
1256,6686,38.8
1257,6686,38.8
1258,6686,40.0
1259,6686,40.0
1260,6686,40.9
1261,6686,40.9
1262,6686,39.5
1263,6686,39.5
1264,6686,40.6
1265,6686,40.6
1266,6686,40.4
1267,6686,40.4
1268,6686,40.7
1269,6686,40.7
1270,6686,40.9
1271,6686,40.9
1272,6686,43.0
1273,6686,43.0
1274,6686,41.0
1275,6686,41.0
1276,6686,42.2
1277,6686,42.2
1278,6686,41.0
1279,6686,41.0
1280,6686,40.4
1281,6686,40.4
1282,6686,42.2
1283,6686,42.2
1284,6686,40.7
1285,6686,40.7
1286,6686,39.7
1287,6686,39.7
1288,6686,39.9
1289,6686,39.9
1290,6686,40.9
1291,6686,40.9
1292,6686,42.3
1293,6686,42.3
1294,6686,42.2
1295,6686,42.2
1296,6686,41.6
1297,6686,41.6
1298,6686,43.9
1299,6686,43.9
1300,6686,42.0
1301,6686,42.0
1302,6686,41.1
1303,6686,41.1
1304,6686,43.5
1305,6686,43.5
1306,6686,41.9
1307,6686,41.9
1308,6686,41.7
1309,6686,41.7
1310,6686,42.9
1311,6686,42.9
1312,6686,41.9
1313,6686,41.9
1314,6686,43.1
1315,6686,43.1
1316,6686,41.7
1317,6686,41.7
1318,6686,31.6
1260,6686,31.6
1321,6686,31.6
1322,6687,31.6
1323,6687,31.6
1324,6687,43.3
1325,6687,43.3
1326,6687,41.2
1327,6687,41.2
1328,6687,43.5
1329,6687,43.5
1330,6687,42.9
1331,6687,42.9
1332,6687,43.2
1333,6687,43.2
1334,6687,45.9
1335,6687,45.9
1336,6687,43.5
1337,6687,43.5
1338,6687,44.0
1339,6687,44.0
1340,6687,45.2
1341,6687,45.2
1342,6687,43.4
1343,6687,43.4
1344,6687,41.8
1345,6687,41.8
1346,6687,44.4
1347,6687,44.4
1348,6687,41.5
1349,6687,41.5
1350,6687,43.9
1351,6687,43.9
1352,6687,43.1
1353,6687,43.1
1354,6687,42.2
1355,6687,42.2
1356,6687,42.1
1357,6687,42.1
1358,6687,40.1
1359,6687,40.1
1360,6687,41.9
1361,6687,41.9
1362,6687,41.3
1363,6687,41.3
1364,6687,41.1
1365,6687,41.1
1366,6687,42.4
1367,6687,42.4
1368,6687,41.2
1369,6687,41.2
1370,6687,42.2
1371,6687,42.2
1372,6687,42.5
1373,6687,42.5
1374,6687,42.1
1375,6687,42.1
1376,6687,41.8
1377,6687,41.8
1378,6687,40.8
1379,6687,40.8
1380,6687,44.4
1381,6687,44.4
1382,6687,42.0
1383,6687,42.0
1384,6687,43.1
1385,6687,43.1
1386,6687,42.7
1387,6687,42.7
1388,6687,42.1
1389,6687,42.1
1390,6687,41.3
1391,6687,41.3
1392,6687,41.0
1393,6687,41.0
1394,6687,41.3
1395,6687,41.3
1396,6687,41.4
1397,6687,41.4
1398,6687,40.8
1399,6687,40.8
1400,6687,41.2
1401,6687,41.2
1402,6687,42.1
1403,6687,42.1
1404,6687,41.3
1405,6687,41.3
1406,6687,41.3
1407,6687,41.3
1408,6687,41.7
1409,6687,41.7
1410,6687,41.6
1411,6687,41.6
1412,6687,39.8
1413,6687,39.8
1414,6687,42.2
1415,6687,42.2
1416,6687,42.6
1417,6687,42.6
1418,6687,43.1
1419,6687,43.1
1420,6687,41.8
1421,6687,41.8
1422,6687,40.9
1423,6687,40.9
1424,6687,41.3
1425,6687,41.3
1426,6687,41.5
1427,6687,41.5
1428,6687,42.5
1429,6687,42.5
1430,6687,41.5
1431,6687,41.5
1432,6687,41.8
1433,6687,41.8
1434,6687,42.5
1435,6687,42.5
1436,6687,41.4
1437,6687,41.4
1438,6687,39.5
1439,6687,39.5
1440,6687,39.9
1441,6687,39.9
1442,6687,38.9
1443,6687,38.9
1444,6687,41.6
1445,6687,41.6
1446,6687,41.3
1447,6687,41.3
1448,6687,42.7
1449,6687,42.7
1450,6687,40.6
1451,6687,40.6
1452,6687,42.2
1453,6687,42.2
1454,6687,42.2
1455,6687,42.2
1456,6687,41.2
1457,6687,41.2
1458,6687,40.6
1459,6687,40.6
1460,6687,42.0
1461,6687,42.0
1462,6687,42.5
1463,6687,42.5
1464,6687,40.8
1465,6687,40.8
1466,6687,43.4
1467,6687,43.4
1468,6687,42.1
1469,6687,42.1
1470,6687,39.1
1471,6687,39.1
1472,6687,42.7
1473,6687,42.7
1474,6687,43.1
1475,6687,43.1
1476,6687,40.9
1477,6687,40.9
1478,6687,41.4
1479,6687,41.4
1480,6687,43.2
1481,6687,43.2
1482,6687,42.1
1483,6687,42.1
1484,6687,40.6
1485,6687,40.6
1486,6687,40.6
1487,6687,40.6
1488,6687,43.1
1489,6687,43.1
1490,6687,41.6
1491,6687,41.6
1492,6687,42.5
1493,6687,42.5
1494,6687,41.6
1495,6687,41.6
1496,6687,41.4
1497,6687,41.4
1498,6687,41.9
1499,6687,41.9
1500,6687,40.9
1501,6687,40.9
1502,6687,43.8
1440,6687,43.8
1505,6687,43.8
1506,6688,43.8
1507,6688,43.8
1508,6688,42.5
1509,6688,42.5
1510,6688,40.5
1511,6688,40.5
1512,6688,41.3
1513,6688,41.3
1514,6688,40.2
1515,6688,40.2
1516,6688,41.5
1517,6688,41.5
1518,6688,41.4
1519,6688,41.4
1520,6688,40.1
1521,6688,40.1
1522,6688,41.7
1523,6688,41.7
1524,6688,40.9
1525,6688,40.9
1526,6688,42.5
1527,6688,42.5
1528,6688,40.1
1529,6688,40.1
1530,6688,40.0
1531,6688,40.0
1532,6688,40.4
1533,6688,40.4
1534,6688,42.8
1535,6688,42.8
1536,6688,39.8
1537,6688,39.8
1538,6688,40.5
1539,6688,40.5
1540,6688,40.0
1541,6688,40.0
1542,6688,39.9
1543,6688,39.9
1544,6688,41.4
1545,6688,41.4
1546,6688,41.5
1547,6688,41.5
1548,6688,41.2
1549,6688,41.2
1550,6688,39.2
1551,6688,39.2
1552,6688,42.6
1553,6688,42.6
1554,6688,39.8
1555,6688,39.8
1556,6688,41.1
1557,6688,41.1
1558,6688,39.7
1559,6688,39.7
1560,6688,40.2
1561,6688,40.2
1562,6688,41.2
1563,6688,41.2
1564,6688,40.4
1565,6688,40.4
1566,6688,40.3
1567,6688,40.3
1568,6688,42.3
1569,6688,42.3
1570,6688,41.6
1571,6688,41.6
1572,6688,41.6
1573,6688,41.6
1574,6688,41.1
1575,6688,41.1
1576,6688,40.1
1577,6688,40.1
1578,6688,42.2
1579,6688,42.2
1580,6688,42.4
1581,6688,42.4
1582,6688,40.6
1583,6688,40.6
1584,6688,40.9
1585,6688,40.9
1586,6688,39.1
1587,6688,39.1
1588,6688,40.3
1589,6688,40.3
1590,6688,39.8
1591,6688,39.8
1592,6688,43.1
1593,6688,43.1
1594,6688,40.9
1595,6688,40.9
1596,6688,41.2
1597,6688,41.2
1598,6688,41.4
1599,6688,41.4
1600,6688,42.6
1601,6688,42.6
1602,6688,42.7
1603,6688,42.7
1604,6688,40.4
1605,6688,40.4
1606,6688,39.1
1607,6688,39.1
1608,6688,41.8
1609,6688,41.8
1610,6688,42.2
1611,6688,42.2
1612,6688,39.2
1613,6688,39.2
1614,6688,40.7
1615,6688,40.7
1616,6688,42.1
1617,6688,42.1
1618,6688,41.2
1619,6688,41.2
1620,6688,41.6
1621,6688,41.6
1622,6688,41.7
1623,6688,41.7
1624,6688,41.4
1625,6688,41.4
1626,6688,41.5
1627,6688,41.5
1628,6688,39.8
1629,6688,39.8
1630,6688,40.3
1631,6688,40.3
1632,6688,42.6
1633,6688,42.6
1634,6688,39.7
1635,6688,39.7
1636,6688,42.4
1637,6688,42.4
1638,6688,41.9
1639,6688,41.9
1640,6688,41.9
1641,6688,41.9
1642,6688,39.7
1643,6688,39.7
1644,6688,39.7
1645,6688,39.7
1646,6688,42.0
1647,6688,42.0
1648,6688,41.1
1649,6688,41.1
1650,6688,40.9
1651,6688,40.9
1652,6688,41.9
1653,6688,41.9
1654,6688,39.2
1655,6688,39.2
1656,6688,40.1
1657,6688,40.1
1658,6688,40.8
1659,6688,40.8
1660,6688,41.9
1661,6688,41.9
1662,6688,41.6
1663,6688,41.6
1664,6688,40.9
1665,6688,40.9
1666,6688,42.5
1667,6688,42.5
1668,6688,43.1
1669,6688,43.1
1670,6688,39.8
1671,6688,39.8
1672,6688,43.4
1673,6688,43.4
1674,6688,41.9
1675,6688,41.9
1676,6688,43.4
1677,6688,43.4
1678,6688,42.7
1679,6688,42.7
1680,6688,42.0
1681,6688,42.0
1682,6688,40.6
1683,6688,40.6
1684,6688,41.3
1685,6688,41.3
1686,6688,51.6
1620,6688,51.6
1689,6688,51.6
1690,6689,51.6
1691,6689,51.6
1692,6689,41.9
1693,6689,41.9
1694,6689,39.5
1695,6689,39.5
1696,6689,42.7
1697,6689,42.7
1698,6689,44.8
1699,6689,44.8
1700,6689,41.6
1701,6689,41.6
1702,6689,40.9
1703,6689,40.9
1704,6689,41.9
1705,6689,41.9
1706,6689,41.1
1707,6689,41.1
1708,6689,41.0
1709,6689,41.0
1710,6689,40.9
1711,6689,40.9
1712,6689,43.1
1713,6689,43.1
1714,6689,42.3
1715,6689,42.3
1716,6689,41.8
1717,6689,41.8
1718,6689,41.4
1719,6689,41.4
1720,6689,42.6
1721,6689,42.6
1722,6689,41.8
1723,6689,41.8
1724,6689,38.8
1725,6689,38.8
1726,6689,41.3
1727,6689,41.3
1728,6689,39.6
1729,6689,39.6
1730,6689,40.1
1731,6689,40.1
1732,6689,41.4
1733,6689,41.4
1734,6689,40.3
1735,6689,40.3
1736,6689,39.8
1737,6689,39.8
1738,6689,38.6
1739,6689,38.6
1740,6689,39.3
1741,6689,39.3
1742,6689,38.0
1743,6689,38.0
1744,6689,41.2
1745,6689,41.2
1746,6689,40.7
1747,6689,40.7
1748,6689,42.1
1749,6689,42.1
1750,6689,42.0
1751,6689,42.0
1752,6689,43.0
1753,6689,43.0
1754,6689,42.3
1755,6689,42.3
1756,6689,40.0
1757,6689,40.0
1758,6689,40.4
1759,6689,40.4
1760,6689,40.4
1761,6689,40.4
1762,6689,41.3
1763,6689,41.3
1764,6689,41.1
1765,6689,41.1
1766,6689,40.3
1767,6689,40.3
1768,6689,42.3
1769,6689,42.3
1770,6689,42.0
1771,6689,42.0
1772,6689,38.9
1773,6689,38.9
1774,6689,42.0
1775,6689,42.0
1776,6689,39.8
1777,6689,39.8
1778,6689,40.6
1779,6689,40.6
1780,6689,40.1
1781,6689,40.1
1782,6689,42.6
1783,6689,42.6
1784,6689,40.2
1785,6689,40.2
1786,6689,40.8
1787,6689,40.8
1788,6689,41.6
1789,6689,41.6
1790,6689,41.7
1791,6689,41.7
1792,6689,41.1
1793,6689,41.1
1794,6689,41.0
1795,6689,41.0
1796,6689,41.7
1797,6689,41.7
1798,6689,39.7
1799,6689,39.7
1800,6689,40.6
1801,6689,40.6
1802,6689,41.6
1803,6689,41.6
1804,6689,41.3
1805,6689,41.3
1806,6689,41.4
1807,6689,41.4
1808,6689,40.1
1809,6689,40.1
1810,6689,40.8
1811,6689,40.8
1812,6689,39.8
1813,6689,39.8
1814,6689,39.2
1815,6689,39.2
1816,6689,41.6
1817,6689,41.6
1818,6689,39.6
1819,6689,39.6
1820,6689,40.1
1821,6689,40.1
1822,6689,42.0
1823,6689,42.0
1824,6689,40.5
1825,6689,40.5
1826,6689,38.2
1827,6689,38.2
1828,6689,43.9
1829,6689,43.9
1830,6689,39.2
1831,6689,39.2
1832,6689,38.7
1833,6689,38.7
1834,6689,41.1
1835,6689,41.1
1836,6689,40.8
1837,6689,40.8
1838,6689,42.8
1839,6689,42.8
1840,6689,40.4
1841,6689,40.4
1842,6689,41.2
1843,6689,41.2
1844,6689,41.1
1845,6689,41.1
1846,6689,39.6
1847,6689,39.6
1848,6689,40.9
1849,6689,40.9
1850,6689,42.3
1851,6689,42.3
1852,6689,40.9
1853,6689,40.9
1854,6689,41.1
1855,6689,41.1
1856,6689,40.6
1857,6689,40.6
1858,6689,41.1
1859,6689,41.1
1860,6689,41.3
1861,6689,41.3
1862,6689,41.5
1863,6689,41.5
1864,6689,41.0
1865,6689,41.0
1866,6689,40.2
1867,6689,40.2
1868,6689,42.0
1869,6689,42.0
1870,6689,45.1
1800,6689,45.1
1874,6689,45.1
1875,6690,45.1
1876,6690,45.1
1877,6690,40.2
1878,6690,40.2
1879,6690,41.2
1880,6690,41.2
1881,6690,43.6
1882,6690,43.6
1883,6690,42.0
1884,6690,42.0
1885,6690,40.7
1886,6690,40.7
1887,6690,41.0
1888,6690,41.0
1889,6690,40.7
1890,6690,40.7
1891,6690,40.4
1892,6690,40.4
1893,6690,38.5
1894,6690,38.5
1895,6690,40.0
1896,6690,40.0
1897,6690,41.5
1898,6690,41.5
1899,6690,39.7
1900,6690,39.7
1901,6690,41.0
1902,6690,41.0
1903,6690,44.0
1904,6690,44.0
1905,6690,40.2
1906,6690,40.2
1907,6690,39.8
1908,6690,39.8
1909,6690,39.8
1910,6690,39.8
1911,6690,42.5
1912,6690,42.5
1913,6690,39.2
1914,6690,39.2
1915,6690,40.2
1916,6690,40.2
1917,6690,41.8
1918,6690,41.8
1919,6690,43.1
1920,6690,43.1
1921,6690,41.7
1922,6690,41.7
1923,6690,40.7
1924,6690,40.7
1925,6690,38.8
1926,6690,38.8
1927,6690,39.9
1928,6690,39.9
1929,6690,41.8
1930,6690,41.8
1931,6690,40.1
1932,6690,40.1
1933,6690,41.2
1934,6690,41.2
1935,6690,41.6
1936,6690,41.6
1937,6690,42.9
1938,6690,42.9
1939,6690,41.5
1940,6690,41.5
1941,6690,40.4
1942,6690,40.4
1943,6690,40.6
1944,6690,40.6
1945,6690,42.2
1946,6690,42.2
1947,6690,43.0
1948,6690,43.0
1949,6690,41.4
1950,6690,41.4
1951,6690,41.8
1952,6690,41.8
1953,6690,41.3
1954,6690,41.3
1955,6690,40.9
1956,6690,40.9
1957,6690,39.9
1958,6690,39.9
1959,6690,41.5
1960,6690,41.5
1961,6690,40.9
1962,6690,40.9
1963,6690,40.1
1964,6690,40.1
1965,6690,41.7
1966,6690,41.7
1967,6690,39.4
1968,6690,39.4
1969,6690,41.5
1970,6690,41.5
1971,6690,41.8
1972,6690,41.8
1973,6690,41.1
1974,6690,41.1
1975,6690,40.5
1976,6690,40.5
1977,6690,38.7
1978,6690,38.7
1979,6690,42.3
1980,6690,42.3
1981,6690,40.4
1982,6690,40.4
1983,6690,42.0
1984,6690,42.0
1985,6690,40.1
1986,6690,40.1
1987,6690,41.8
1988,6690,41.8
1989,6690,40.6
1990,6690,40.6
1991,6690,37.7
1992,6690,37.7
1993,6690,40.4
1994,6690,40.4
1995,6690,40.5
1996,6690,40.5
1997,6690,41.8
1998,6690,41.8
1999,6690,40.4
2000,6690,40.4
2001,6690,42.5
2002,6690,42.5
2003,6690,40.8
2004,6690,40.8
2005,6690,42.4
2006,6690,42.4
2007,6690,40.7
2008,6690,40.7
2009,6690,41.4
2010,6690,41.4
2011,6690,41.3
2012,6690,41.3
2013,6690,42.0
2014,6690,42.0
2015,6690,40.3
2016,6690,40.3
2017,6690,40.6
2018,6690,40.6
2019,6690,42.3
2020,6690,42.3
2021,6690,40.0
2022,6690,40.0
2023,6690,38.0
2024,6690,38.0
2025,6690,42.4
2026,6690,42.4
2027,6690,39.6
2028,6690,39.6
2029,6690,41.1
2030,6690,41.1
2031,6690,39.9
2032,6690,39.9
2033,6690,40.9
2034,6690,40.9
2035,6690,40.4
2036,6690,40.4
2037,6690,42.1
2038,6690,42.1
2039,6690,40.7
2040,6690,40.7
2041,6690,40.6
2042,6690,40.6
2043,6690,40.0
2044,6690,40.0
2045,6690,39.7
2046,6690,39.7
2047,6690,40.8
2048,6690,40.8
2049,6690,40.9
2050,6690,40.9
2051,6690,40.5
2052,6690,40.5
2053,6690,39.1
2054,6690,39.1
2055,6690,47.3
1980,6690,47.3
2058,6690,47.3
2059,6691,47.3
2060,6691,47.3
2061,6691,39.8
2062,6691,39.8
2063,6691,40.7
2064,6691,40.7
2065,6691,41.1
2066,6691,41.1
2067,6691,40.9
2068,6691,40.9
2069,6691,40.9
2070,6691,40.9
2071,6691,41.1
2072,6691,41.1
2073,6691,41.6
2074,6691,41.6
2075,6691,43.0
2076,6691,43.0
2077,6691,39.5
2078,6691,39.5
2079,6691,42.2
2080,6691,42.2
2081,6691,39.1
2082,6691,39.1
2083,6691,40.4
2084,6691,40.4
2085,6691,39.3
2086,6691,39.3
2087,6691,41.8
2088,6691,41.8
2089,6691,40.1
2090,6691,40.1
2091,6691,40.8
2092,6691,40.8
2093,6691,40.2
2094,6691,40.2
2095,6691,41.4
2096,6691,41.4
2097,6691,41.3
2098,6691,41.3
2099,6691,40.8
2100,6691,40.8
2101,6691,40.5
2102,6691,40.5
2103,6691,42.0
2104,6691,42.0
2105,6691,40.3
2106,6691,40.3
2107,6691,42.0
2108,6691,42.0
2109,6691,39.0
2110,6691,39.0
2111,6691,39.0
2112,6691,39.0
2113,6691,39.7
2114,6691,39.7
2115,6691,41.9
2116,6691,41.9
2117,6691,39.8
2118,6691,39.8
2119,6691,40.4
2120,6691,40.4
2121,6691,42.5
2122,6691,42.5
2123,6691,43.3
2124,6691,43.3
2125,6691,40.5
2126,6691,40.5
2127,6691,40.8
2128,6691,40.8
2129,6691,39.2
2130,6691,39.2
2131,6691,41.8
2132,6691,41.8
2133,6691,39.5
2134,6691,39.5
2135,6691,40.1
2136,6691,40.1
2137,6691,39.7
2138,6691,39.7
2139,6691,39.2
2140,6691,39.2
2141,6691,40.4
2142,6691,40.4
2143,6691,40.6
2144,6691,40.6
2145,6691,40.7
2146,6691,40.7
2147,6691,42.0
2148,6691,42.0
2149,6691,41.4
2150,6691,41.4
2151,6691,40.2
2152,6691,40.2
2153,6691,42.4
2154,6691,42.4
2155,6691,42.1
2156,6691,42.1
2157,6691,40.3
2158,6691,40.3
2159,6691,40.3
2160,6691,40.3
2161,6691,40.2
2162,6691,40.2
2163,6691,41.7
2164,6691,41.7
2165,6691,39.9
2166,6691,39.9
2167,6691,42.8
2168,6691,42.8
2169,6691,42.4
2170,6691,42.4
2171,6691,41.6
2172,6691,41.6
2173,6691,42.5
2174,6691,42.5
2175,6691,42.4
2176,6691,42.4
2177,6691,42.0
2178,6691,42.0
2179,6691,41.7
2180,6691,41.7
2181,6691,40.2
2182,6691,40.2
2183,6691,39.1
2184,6691,39.1
2185,6691,42.4
2186,6691,42.4
2187,6691,40.0
2188,6691,40.0
2189,6691,41.6
2190,6691,41.6
2191,6691,40.7
2192,6691,40.7
2193,6691,40.5
2194,6691,40.5
2195,6691,40.5
2196,6691,40.5
2197,6691,40.5
2198,6691,40.5
2199,6691,38.5
2200,6691,38.5
2201,6691,41.2
2202,6691,41.2
2203,6691,39.8
2204,6691,39.8
2205,6691,39.8
2206,6691,39.8
2207,6691,41.6
2208,6691,41.6
2209,6691,41.8
2210,6691,41.8
2211,6691,41.8
2212,6691,41.8
2213,6691,41.5
2214,6691,41.5
2215,6691,40.0
2216,6691,40.0
2217,6691,41.0
2218,6691,41.0
2219,6691,41.5
2220,6691,41.5
2221,6691,41.9
2222,6691,41.9
2223,6691,39.7
2224,6691,39.7
2225,6691,43.2
2226,6691,43.2
2227,6691,39.7
2228,6691,39.7
2229,6691,40.9
2230,6691,40.9
2231,6691,42.3
2232,6691,42.3
2233,6691,41.1
2234,6691,41.1
2235,6691,42.5
2236,6691,42.5
2237,6691,39.2
2238,6691,39.2
2239,6691,36.0
2160,6691,36.0
2242,6691,36.0
2243,6692,36.0
2244,6692,36.0
2245,6692,39.1
2246,6692,39.1
2247,6692,40.9
2248,6692,40.9
2249,6692,40.5
2250,6692,40.5
2251,6692,40.5
2252,6692,40.5
2253,6692,39.7
2254,6692,39.7
2255,6692,40.4
2256,6692,40.4
2257,6692,41.5
2258,6692,41.5
2259,6692,43.6
2260,6692,43.6
2261,6692,42.1
2262,6692,42.1
2263,6692,41.9
2264,6692,41.9
2265,6692,40.1
2266,6692,40.1
2267,6692,40.5
2268,6692,40.5
2269,6692,39.3
2270,6692,39.3
2271,6692,38.1
2272,6692,38.1
2273,6692,38.5
2274,6692,38.5
2275,6692,41.1
2276,6692,41.1
2277,6692,39.2
2278,6692,39.2
2279,6692,41.2
2280,6692,41.2
2281,6692,41.0
2282,6692,41.0
2283,6692,41.3
2284,6692,41.3
2285,6692,41.0
2286,6692,41.0
2287,6692,40.9
2288,6692,40.9
2289,6692,39.8
2290,6692,39.8
2291,6692,39.4
2292,6692,39.4
2293,6692,39.4
2294,6692,39.4
2295,6692,38.9
2296,6692,38.9
2297,6692,41.7
2298,6692,41.7
2299,6692,41.0
2300,6692,41.0
2301,6692,41.9
2302,6692,41.9
2303,6692,40.7
2304,6692,40.7
2305,6692,41.2
2306,6692,41.2
2307,6692,41.8
2308,6692,41.8
2309,6692,40.3
2310,6692,40.3
2311,6692,41.6
2312,6692,41.6
2313,6692,39.6
2314,6692,39.6
2315,6692,41.2
2316,6692,41.2
2317,6692,38.2
2318,6692,38.2
2319,6692,41.0
2320,6692,41.0
2321,6692,40.1
2322,6692,40.1
2323,6692,41.6
2324,6692,41.6
2325,6692,38.9
2326,6692,38.9
2327,6692,41.5
2328,6692,41.5
2329,6692,42.8
2330,6692,42.8
2331,6692,39.7
2332,6692,39.7
2333,6692,40.8
2334,6692,40.8
2335,6692,41.0
2336,6692,41.0
2337,6692,39.8
2338,6692,39.8
2339,6692,39.7
2340,6692,39.7
2341,6692,40.8
2342,6692,40.8
2343,6692,41.8
2344,6692,41.8
2345,6692,41.3
2346,6692,41.3
2347,6692,40.6
2348,6692,40.6
2349,6692,40.1
2350,6692,40.1
2351,6692,39.9
2352,6692,39.9
2353,6692,41.1
2354,6692,41.1
2355,6692,40.8
2356,6692,40.8
2357,6692,40.7
2358,6692,40.7
2359,6692,39.0
2360,6692,39.0
2361,6692,39.9
2362,6692,39.9
2363,6692,40.1
2364,6692,40.1
2365,6692,41.6
2366,6692,41.6
2367,6692,41.7
2368,6692,41.7
2369,6692,40.7
2370,6692,40.7
2371,6692,41.0
2372,6692,41.0
2373,6692,42.7
2374,6692,42.7
2375,6692,41.9
2376,6692,41.9
2377,6692,41.1
2378,6692,41.1
2379,6692,40.4
2380,6692,40.4
2381,6692,42.0
2382,6692,42.0
2383,6692,40.1
2384,6692,40.1
2385,6692,41.4
2386,6692,41.4
2387,6692,42.4
2388,6692,42.4
2389,6692,38.9
2390,6692,38.9
2391,6692,40.9
2392,6692,40.9
2393,6692,40.2
2394,6692,40.2
2395,6692,40.7
2396,6692,40.7
2397,6692,40.3
2398,6692,40.3
2399,6692,41.1
2400,6692,41.1
2401,6692,41.5
2402,6692,41.5
2403,6692,41.3
2404,6692,41.3
2405,6692,41.5
2406,6692,41.5
2407,6692,40.7
2408,6692,40.7
2409,6692,42.4
2410,6692,42.4
2411,6692,40.6
2412,6692,40.6
2413,6692,40.8
2414,6692,40.8
2415,6692,42.4
2416,6692,42.4
2417,6692,41.8
2418,6692,41.8
2419,6692,41.4
2420,6692,41.4
2421,6692,38.8
2422,6692,38.8
2423,6692,42.9
2340,6692,42.9
2426,6692,42.9
2427,6693,42.9
2428,6693,42.9
2429,6693,41.1
2430,6693,41.1
2431,6693,40.8
2432,6693,40.8
2433,6693,41.9
2434,6693,41.9
2435,6693,41.8
2436,6693,41.8
2437,6693,42.8
2438,6693,42.8
2439,6693,39.5
2440,6693,39.5
2441,6693,43.2
2442,6693,43.2
2443,6693,43.5
2444,6693,43.5
2445,6693,38.6
2446,6693,38.6
2447,6693,40.7
2448,6693,40.7
2449,6693,41.1
2450,6693,41.1
2451,6693,41.4
2452,6693,41.4
2453,6693,40.3
2454,6693,40.3
2455,6693,41.7
2456,6693,41.7
2457,6693,41.2
2458,6693,41.2
2459,6693,41.1
2460,6693,41.1
2461,6693,41.2
2462,6693,41.2
2463,6693,42.5
2464,6693,42.5
2465,6693,40.9
2466,6693,40.9
2467,6693,40.9
2468,6693,40.9
2469,6693,41.8
2470,6693,41.8
2471,6693,42.0
2472,6693,42.0
2473,6693,41.0
2474,6693,41.0
2475,6693,40.7
2476,6693,40.7
2477,6693,41.1
2478,6693,41.1
2479,6693,40.2
2480,6693,40.2
2481,6693,40.4
2482,6693,40.4
2483,6693,41.8
2484,6693,41.8
2485,6693,42.8
2486,6693,42.8
2487,6693,39.9
2488,6693,39.9
2489,6693,40.9
2490,6693,40.9
2491,6693,41.7
2492,6693,41.7
2493,6693,40.5
2494,6693,40.5
2495,6693,42.9
2496,6693,42.9
2497,6693,39.9
2498,6693,39.9
2499,6693,42.5
2500,6693,42.5
2501,6693,41.1
2502,6693,41.1
2503,6693,40.8
2504,6693,40.8
2505,6693,40.7
2506,6693,40.7
2507,6693,41.8
2508,6693,41.8
2509,6693,38.6
2510,6693,38.6
2511,6693,39.1
2512,6693,39.1
2513,6693,41.5
2514,6693,41.5
2515,6693,40.9
2516,6693,40.9
2517,6693,40.1
2518,6693,40.1
2519,6693,40.5
2520,6693,40.5
2521,6693,41.6
2522,6693,41.6
2523,6693,40.4
2524,6693,40.4
2525,6693,38.1
2526,6693,38.1
2527,6693,40.8
2528,6693,40.8
2529,6693,41.4
2530,6693,41.4
2531,6693,39.7
2532,6693,39.7
2533,6693,41.2
2534,6693,41.2
2535,6693,41.0
2536,6693,41.0
2537,6693,40.6
2538,6693,40.6
2539,6693,40.8
2540,6693,40.8
2541,6693,41.1
2542,6693,41.1
2543,6693,41.0
2544,6693,41.0
2545,6693,41.5
2546,6693,41.5
2547,6693,39.8
2548,6693,39.8
2549,6693,41.6
2550,6693,41.6
2551,6693,40.3
2552,6693,40.3
2553,6693,41.5
2554,6693,41.5
2555,6693,39.0
2556,6693,39.0
2557,6693,42.4
2558,6693,42.4
2559,6693,39.5
2560,6693,39.5
2561,6693,41.2
2562,6693,41.2
2563,6693,39.8
2564,6693,39.8
2565,6693,41.4
2566,6693,41.4
2567,6693,41.8
2568,6693,41.8
2569,6693,39.7
2570,6693,39.7
2571,6693,42.4
2572,6693,42.4
2573,6693,39.3
2574,6693,39.3
2575,6693,41.0
2576,6693,41.0
2577,6693,41.5
2578,6693,41.5
2579,6693,41.4
2580,6693,41.4
2581,6693,40.0
2582,6693,40.0
2583,6693,39.2
2584,6693,39.2
2585,6693,39.9
2586,6693,39.9
2587,6693,39.6
2588,6693,39.6
2589,6693,40.6
2590,6693,40.6
2591,6693,40.4
2592,6693,40.4
2593,6693,40.6
2594,6693,40.6
2595,6693,40.6
2596,6693,40.6
2597,6693,39.8
2598,6693,39.8
2599,6693,43.2
2600,6693,43.2
2601,6693,42.4
2602,6693,42.4
2603,6693,40.9
2604,6693,40.9
2605,6693,40.7
2606,6693,40.7
2607,6693,43.4
2520,6693,43.4
2610,6693,43.4
2611,6694,43.4
2612,6694,43.4
2613,6694,39.1
2614,6694,39.1
2615,6694,40.3
2616,6694,40.3
2617,6694,38.9
2618,6694,38.9
2619,6694,39.0
2620,6694,39.0
2621,6694,41.3
2622,6694,41.3
2623,6694,40.2
2624,6694,40.2
2625,6694,39.7
2626,6694,39.7
2627,6694,40.6
2628,6694,40.6
2629,6694,41.5
2630,6694,41.5
2631,6694,41.0
2632,6694,41.0
2633,6694,39.8
2634,6694,39.8
2635,6694,41.4
2636,6694,41.4
2637,6694,41.0
2638,6694,41.0
2639,6694,41.4
2640,6694,41.4
2641,6694,41.8
2642,6694,41.8
2643,6694,40.3
2644,6694,40.3
2645,6694,40.1
2646,6694,40.1
2647,6694,39.2
2648,6694,39.2
2649,6694,41.4
2650,6694,41.4
2651,6694,41.1
2652,6694,41.1
2653,6694,40.4
2654,6694,40.4
2655,6694,40.5
2656,6694,40.5
2657,6694,40.4
2658,6694,40.4
2659,6694,40.6
2660,6694,40.6
2661,6694,40.6
2662,6694,40.6
2663,6694,40.6
2664,6694,40.6
2665,6694,39.0
2666,6694,39.0
2667,6694,40.8
2668,6694,40.8
2669,6694,42.2
2670,6694,42.2
2671,6694,41.6
2672,6694,41.6
2673,6694,38.2
2674,6694,38.2
2675,6694,40.9
2676,6694,40.9
2677,6694,39.5
2678,6694,39.5
2679,6694,38.9
2680,6694,38.9
2681,6694,41.9
2682,6694,41.9
2683,6694,40.3
2684,6694,40.3
2685,6694,40.5
2686,6694,40.5
2687,6694,41.6
2688,6694,41.6
2689,6694,41.0
2690,6694,41.0
2691,6694,40.8
2692,6694,40.8
2693,6694,39.9
2694,6694,39.9
2695,6694,40.2
2696,6694,40.2
2697,6694,41.8
2698,6694,41.8
2699,6694,40.6
2700,6694,40.6
2701,6694,40.5
2702,6694,40.5
2703,6694,41.3
2704,6694,41.3
2705,6694,42.0
2706,6694,42.0
2707,6694,41.1
2708,6694,41.1
2709,6694,40.7
2710,6694,40.7
2711,6694,41.4
2712,6694,41.4
2713,6694,40.5
2714,6694,40.5
2715,6694,40.9
2716,6694,40.9
2717,6694,39.2
2718,6694,39.2
2719,6694,39.7
2720,6694,39.7
2721,6694,39.4
2722,6694,39.4
2723,6694,41.3
2724,6694,41.3
2725,6694,39.9
2726,6694,39.9
2727,6694,41.7
2728,6694,41.7
2729,6694,39.7
2730,6694,39.7
2731,6694,37.3
2732,6694,37.3
2733,6694,40.2
2734,6694,40.2
2735,6694,39.6
2736,6694,39.6
2737,6694,41.2
2738,6694,41.2
2739,6694,38.2
2740,6694,38.2
2741,6694,40.1
2742,6694,40.1
2743,6694,41.3
2744,6694,41.3
2745,6694,41.6
2746,6694,41.6
2747,6694,39.1
2748,6694,39.1
2749,6694,41.1
2750,6694,41.1
2751,6694,41.5
2752,6694,41.5
2753,6694,39.3
2754,6694,39.3
2755,6694,42.6
2756,6694,42.6
2757,6694,40.0
2758,6694,40.0
2759,6694,39.9
2760,6694,39.9
2761,6694,39.4
2762,6694,39.4
2763,6694,40.3
2764,6694,40.3
2765,6694,39.2
2766,6694,39.2
2767,6694,41.0
2768,6694,41.0
2769,6694,43.1
2770,6694,43.1
2771,6694,38.4
2772,6694,38.4
2773,6694,40.5
2774,6694,40.5
2775,6694,40.2
2776,6694,40.2
2777,6694,40.5
2778,6694,40.5
2779,6694,40.0
2780,6694,40.0
2781,6694,41.6
2782,6694,41.6
2783,6694,39.7
2784,6694,39.7
2785,6694,40.2
2786,6694,40.2
2787,6694,39.5
2788,6694,39.5
2789,6694,38.3
2790,6694,38.3
2791,6694,44.9
2700,6694,44.9
2795,6694,44.9
2796,6695,44.9
2797,6695,44.9
2798,6695,39.6
2799,6695,39.6
2800,6695,37.8
2801,6695,37.8
2802,6695,40.5
2803,6695,40.5
2804,6695,40.2
2805,6695,40.2
2806,6695,40.4
2807,6695,40.4
2808,6695,41.8
2809,6695,41.8
2810,6695,39.0
2811,6695,39.0
2812,6695,40.2
2813,6695,40.2
2814,6695,40.1
2815,6695,40.1
2816,6695,40.4
2817,6695,40.4
2818,6695,39.0
2819,6695,39.0
2820,6695,41.3
2821,6695,41.3
2822,6695,41.2
2823,6695,41.2
2824,6695,42.3
2825,6695,42.3
2826,6695,40.5
2827,6695,40.5
2828,6695,40.6
2829,6695,40.6
2830,6695,41.7
2831,6695,41.7
2832,6695,39.2
2833,6695,39.2
2834,6695,40.5
2835,6695,40.5
2836,6695,39.5
2837,6695,39.5
2838,6695,39.4
2839,6695,39.4
2840,6695,41.7
2841,6695,41.7
2842,6695,39.8
2843,6695,39.8
2844,6695,41.2
2845,6695,41.2
2846,6695,40.2
2847,6695,40.2
2848,6695,39.8
2849,6695,39.8
2850,6695,40.6
2851,6695,40.6
2852,6695,42.4
2853,6695,42.4
2854,6695,41.7
2855,6695,41.7
2856,6695,41.1
2857,6695,41.1
2858,6695,41.0
2859,6695,41.0
2860,6695,40.4
2861,6695,40.4
2862,6695,39.5
2863,6695,39.5
2864,6695,40.6
2865,6695,40.6
2866,6695,41.4
2867,6695,41.4
2868,6695,41.3
2869,6695,41.3
2870,6695,42.5
2871,6695,42.5
2872,6695,41.0
2873,6695,41.0
2874,6695,39.6
2875,6695,39.6
2876,6695,39.2
2877,6695,39.2
2878,6695,39.2
2879,6695,39.2
2880,6695,42.0
2881,6695,42.0
2882,6695,39.6
2883,6695,39.6
2884,6695,39.7
2885,6695,39.7
2886,6695,39.6
2887,6695,39.6
2888,6695,40.0
2889,6695,40.0
2890,6695,39.4
2891,6695,39.4
2892,6695,40.9
2893,6695,40.9
2894,6695,38.3
2895,6695,38.3
2896,6695,40.1
2897,6695,40.1
2898,6695,41.2
2899,6695,41.2
2900,6695,40.5
2901,6695,40.5
2902,6695,39.7
2903,6695,39.7
2904,6695,41.4
2905,6695,41.4
2906,6695,39.3
2907,6695,39.3
2908,6695,42.0
2909,6695,42.0
2910,6695,41.0
2911,6695,41.0
2912,6695,40.1
2913,6695,40.1
2914,6695,41.2
2915,6695,41.2
2916,6695,38.0
2917,6695,38.0
2918,6695,40.0
2919,6695,40.0
2920,6695,41.8
2921,6695,41.8
2922,6695,40.5
2923,6695,40.5
2924,6695,38.6
2925,6695,38.6
2926,6695,41.9
2927,6695,41.9
2928,6695,40.7
2929,6695,40.7
2930,6695,39.3
2931,6695,39.3
2932,6695,40.2
2933,6695,40.2
2934,6695,40.1
2935,6695,40.1
2936,6695,39.5
2937,6695,39.5
2938,6695,39.5
2939,6695,39.5
2940,6695,37.7
2941,6695,37.7
2942,6695,39.9
2943,6695,39.9
2944,6695,37.4
2945,6695,37.4
2946,6695,41.1
2947,6695,41.1
2948,6695,38.6
2949,6695,38.6
2950,6695,40.8
2951,6695,40.8
2952,6695,41.0
2953,6695,41.0
2954,6695,41.8
2955,6695,41.8
2956,6695,40.3
2957,6695,40.3
2958,6695,40.4
2959,6695,40.4
2960,6695,40.7
2961,6695,40.7
2962,6695,40.8
2963,6695,40.8
2964,6695,40.0
2965,6695,40.0
2966,6695,39.5
2967,6695,39.5
2968,6695,43.1
2969,6695,43.1
2970,6695,40.3
2971,6695,40.3
2972,6695,40.7
2973,6695,40.7
2974,6695,41.3
2975,6695,41.3
2976,6695,51.9
2880,6695,51.9
2979,6695,51.9
2980,6696,51.9
2981,6696,51.9
2982,6696,40.9
2983,6696,40.9
2984,6696,41.6
2985,6696,41.6
2986,6696,41.5
2987,6696,41.5
2988,6696,41.0
2989,6696,41.0
2990,6696,40.6
2991,6696,40.6
2992,6696,39.2
2993,6696,39.2
2994,6696,39.3
2995,6696,39.3
2996,6696,40.7
2997,6696,40.7
2998,6696,40.0
2999,6696,40.0
3000,6696,42.9
3001,6696,42.9
3002,6696,41.8
3003,6696,41.8
3004,6696,41.5
3005,6696,41.5
3006,6696,40.8
3007,6696,40.8
3008,6696,38.8
3009,6696,38.8
3010,6696,39.1
3011,6696,39.1
3012,6696,40.4
3013,6696,40.4
3014,6696,38.7
3015,6696,38.7
3016,6696,39.0
3017,6696,39.0
3018,6696,39.8
3019,6696,39.8
3020,6696,40.1
3021,6696,40.1
3022,6696,40.5
3023,6696,40.5
3024,6696,41.0
3025,6696,41.0
3026,6696,42.5
3027,6696,42.5
3028,6696,40.4
3029,6696,40.4
3030,6696,40.5
3031,6696,40.5
3032,6696,39.8
3033,6696,39.8
3034,6696,39.8
3035,6696,39.8
3036,6696,39.9
3037,6696,39.9
3038,6696,42.2
3039,6696,42.2
3040,6696,41.6
3041,6696,41.6
3042,6696,40.9
3043,6696,40.9
3044,6696,40.4
3045,6696,40.4
3046,6696,41.7
3047,6696,41.7
3048,6696,39.7
3049,6696,39.7
3050,6696,38.5
3051,6696,38.5
3052,6696,41.4
3053,6696,41.4
3054,6696,38.4
3055,6696,38.4
3056,6696,38.8
3057,6696,38.8
3058,6696,39.3
3059,6696,39.3
3060,6696,41.5
3061,6696,41.5
3062,6696,40.5
3063,6696,40.5
3064,6696,41.6
3065,6696,41.6
3066,6696,40.1
3067,6696,40.1
3068,6696,41.4
3069,6696,41.4
3070,6696,42.0
3071,6696,42.0
3072,6696,39.7
3073,6696,39.7
3074,6696,42.0
3075,6696,42.0
3076,6696,42.4
3077,6696,42.4
3078,6696,41.0
3079,6696,41.0
3080,6696,38.2
3081,6696,38.2
3082,6696,39.2
3083,6696,39.2
3084,6696,41.5
3085,6696,41.5
3086,6696,41.8
3087,6696,41.8
3088,6696,39.1
3089,6696,39.1
3090,6696,41.0
3091,6696,41.0
3092,6696,40.5
3093,6696,40.5
3094,6696,39.5
3095,6696,39.5
3096,6696,41.0
3097,6696,41.0
3098,6696,41.4
3099,6696,41.4
3100,6696,39.4
3101,6696,39.4
3102,6696,41.7
3103,6696,41.7
3104,6696,39.7
3105,6696,39.7
3106,6696,39.6
3107,6696,39.6
3108,6696,39.0
3109,6696,39.0
3110,6696,41.3
3111,6696,41.3
3112,6696,40.7
3113,6696,40.7
3114,6696,41.5
3115,6696,41.5
3116,6696,39.7
3117,6696,39.7
3118,6696,40.9
3119,6696,40.9
3120,6696,40.6
3121,6696,40.6
3122,6696,40.0
3123,6696,40.0
3124,6696,38.8
3125,6696,38.8
3126,6696,39.5
3127,6696,39.5
3128,6696,38.1
3129,6696,38.1
3130,6696,41.2
3131,6696,41.2
3132,6696,41.0
3133,6696,41.0
3134,6696,39.7
3135,6696,39.7
3136,6696,37.8
3137,6696,37.8
3138,6696,40.8
3139,6696,40.8
3140,6696,41.3
3141,6696,41.3
3142,6696,40.3
3143,6696,40.3
3144,6696,40.6
3145,6696,40.6
3146,6696,40.6
3147,6696,40.6
3148,6696,40.4
3149,6696,40.4
3150,6696,41.2
3151,6696,41.2
3152,6696,41.9
3153,6696,41.9
3154,6696,40.8
3155,6696,40.8
3156,6696,40.5
3157,6696,40.5
3158,6696,41.3
3159,6696,41.3
3160,6696,27.5
3060,6696,27.5
3163,6696,27.5
3164,6697,27.5
3165,6697,27.5
3166,6697,40.4
3167,6697,40.4
3168,6697,39.4
3169,6697,39.4
3170,6697,40.9
3171,6697,40.9
3172,6697,40.3
3173,6697,40.3
3174,6697,40.0
3175,6697,40.0
3176,6697,41.8
3177,6697,41.8
3178,6697,41.7
3179,6697,41.7
3180,6697,41.3
3181,6697,41.3
3182,6697,40.7
3183,6697,40.7
3184,6697,39.3
3185,6697,39.3
3186,6697,40.7
3187,6697,40.7
3188,6697,41.2
3189,6697,41.2
3190,6697,40.7
3191,6697,40.7
3192,6697,41.4
3193,6697,41.4
3194,6697,40.4
3195,6697,40.4
3196,6697,39.7
3197,6697,39.7
3198,6697,38.7
3199,6697,38.7
3200,6697,40.5
3201,6697,40.5
3202,6697,39.4
3203,6697,39.4
3204,6697,39.8
3205,6697,39.8
3206,6697,39.5
3207,6697,39.5
3208,6697,40.6
3209,6697,40.6
3210,6697,40.3
3211,6697,40.3
3212,6697,40.3
3213,6697,40.3
3214,6697,40.1
3215,6697,40.1
3216,6697,38.8
3217,6697,38.8
3218,6697,39.9
3219,6697,39.9
3220,6697,39.2
3221,6697,39.2
3222,6697,41.3
3223,6697,41.3
3224,6697,38.8
3225,6697,38.8
3226,6697,42.1
3227,6697,42.1
3228,6697,40.9
3229,6697,40.9
3230,6697,40.1
3231,6697,40.1
3232,6697,39.5
3233,6697,39.5
3234,6697,39.5
3235,6697,39.5
3236,6697,39.2
3237,6697,39.2
3238,6697,40.8
3239,6697,40.8
3240,6697,40.0
3241,6697,40.0
3242,6697,41.5
3243,6697,41.5
3244,6697,38.1
3245,6697,38.1
3246,6697,38.7
3247,6697,38.7
3248,6697,40.5
3249,6697,40.5
3250,6697,41.1
3251,6697,41.1
3252,6697,40.8
3253,6697,40.8
3254,6697,39.5
3255,6697,39.5
3256,6697,41.1
3257,6697,41.1
3258,6697,40.2
3259,6697,40.2
3260,6697,41.0
3261,6697,41.0
3262,6697,41.6
3263,6697,41.6
3264,6697,41.0
3265,6697,41.0
3266,6697,42.6
3267,6697,42.6
3268,6697,40.0
3269,6697,40.0
3270,6697,41.3
3271,6697,41.3
3272,6697,39.9
3273,6697,39.9
3274,6697,40.7
3275,6697,40.7
3276,6697,40.9
3277,6697,40.9
3278,6697,41.4
3279,6697,41.4
3280,6697,40.1
3281,6697,40.1
3282,6697,41.0
3283,6697,41.0
3284,6697,43.2
3285,6697,43.2
3286,6697,39.7
3287,6697,39.7
3288,6697,39.9
3289,6697,39.9
3290,6697,41.8
3291,6697,41.8
3292,6697,40.2
3293,6697,40.2
3294,6697,39.6
3295,6697,39.6
3296,6697,40.1
3297,6697,40.1
3298,6697,40.2
3299,6697,40.2
3300,6697,38.8
3301,6697,38.8
3302,6697,39.9
3303,6697,39.9
3304,6697,39.4
3305,6697,39.4
3306,6697,39.1
3307,6697,39.1
3308,6697,41.4
3309,6697,41.4
3310,6697,39.8
3311,6697,39.8
3312,6697,39.1
3313,6697,39.1
3314,6697,42.1
3315,6697,42.1
3316,6697,37.7
3317,6697,37.7
3318,6697,41.6
3319,6697,41.6
3320,6697,40.0
3321,6697,40.0
3322,6697,39.3
3323,6697,39.3
3324,6697,41.6
3325,6697,41.6
3326,6697,40.9
3327,6697,40.9
3328,6697,39.8
3329,6697,39.8
3330,6697,41.0
3331,6697,41.0
3332,6697,40.8
3333,6697,40.8
3334,6697,41.0
3335,6697,41.0
3336,6697,42.1
3337,6697,42.1
3338,6697,41.2
3339,6697,41.2
3340,6697,40.2
3341,6697,40.2
3342,6697,41.6
3343,6697,41.6
3344,6697,36.3
3240,6697,36.3
3347,6697,36.3
3348,6698,36.3
3349,6698,36.3
3350,6698,40.5
3351,6698,40.5
3352,6698,40.6
3353,6698,40.6
3354,6698,41.8
3355,6698,41.8
3356,6698,41.8
3357,6698,41.8
3358,6698,39.7
3359,6698,39.7
3360,6698,42.3
3361,6698,42.3
3362,6698,39.3
3363,6698,39.3
3364,6698,40.6
3365,6698,40.6
3366,6698,39.8
3367,6698,39.8
3368,6698,40.5
3369,6698,40.5
3370,6698,39.8
3371,6698,39.8
3372,6698,39.8
3373,6698,39.8
3374,6698,39.1
3375,6698,39.1
3376,6698,37.8
3377,6698,37.8
3378,6698,40.5
3379,6698,40.5
3380,6698,40.4
3381,6698,40.4
3382,6698,40.5
3383,6698,40.5
3384,6698,41.7
3385,6698,41.7
3386,6698,40.7
3387,6698,40.7
3388,6698,40.5
3389,6698,40.5
3390,6698,41.0
3391,6698,41.0
3392,6698,40.2
3393,6698,40.2
3394,6698,41.4
3395,6698,41.4
3396,6698,41.4
3397,6698,41.4
3398,6698,39.5
3399,6698,39.5
3400,6698,42.4
3401,6698,42.4
3402,6698,39.1
3403,6698,39.1
3404,6698,40.8
3405,6698,40.8
3406,6698,43.0
3407,6698,43.0
3408,6698,40.4
3409,6698,40.4
3410,6698,39.7
3411,6698,39.7
3412,6698,41.5
3413,6698,41.5
3414,6698,40.6
3415,6698,40.6
3416,6698,40.4
3417,6698,40.4
3418,6698,40.0
3419,6698,40.0
3420,6698,40.8
3421,6698,40.8
3422,6698,38.7
3423,6698,38.7
3424,6698,40.0
3425,6698,40.0
3426,6698,40.2
3427,6698,40.2
3428,6698,39.7
3429,6698,39.7
3430,6698,40.4
3431,6698,40.4
3432,6698,41.3
3433,6698,41.3
3434,6698,40.4
3435,6698,40.4
3436,6698,40.4
3437,6698,40.4
3438,6698,39.6
3439,6698,39.6
3440,6698,40.9
3441,6698,40.9
3442,6698,41.1
3443,6698,41.1
3444,6698,40.8
3445,6698,40.8
3446,6698,39.3
3447,6698,39.3
3448,6698,38.7
3449,6698,38.7
3450,6698,40.0
3451,6698,40.0
3452,6698,40.7
3453,6698,40.7
3454,6698,41.1
3455,6698,41.1
3456,6698,41.4
3457,6698,41.4
3458,6698,40.8
3459,6698,40.8
3460,6698,41.6
3461,6698,41.6
3462,6698,41.3
3463,6698,41.3
3464,6698,40.6
3465,6698,40.6
3466,6698,41.0
3467,6698,41.0
3468,6698,39.7
3469,6698,39.7
3470,6698,41.2
3471,6698,41.2
3472,6698,39.9
3473,6698,39.9
3474,6698,39.0
3475,6698,39.0
3476,6698,38.9
3477,6698,38.9
3478,6698,39.1
3479,6698,39.1
3480,6698,38.8
3481,6698,38.8
3482,6698,40.5
3483,6698,40.5
3484,6698,41.4
3485,6698,41.4
3486,6698,41.0
3487,6698,41.0
3488,6698,39.9
3489,6698,39.9
3490,6698,39.2
3491,6698,39.2
3492,6698,41.7
3493,6698,41.7
3494,6698,41.9
3495,6698,41.9
3496,6698,41.3
3497,6698,41.3
3498,6698,42.2
3499,6698,42.2
3500,6698,40.4
3501,6698,40.4
3502,6698,39.7
3503,6698,39.7
3504,6698,41.4
3505,6698,41.4
3506,6698,40.9
3507,6698,40.9
3508,6698,41.2
3509,6698,41.2
3510,6698,40.2
3511,6698,40.2
3512,6698,41.0
3513,6698,41.0
3514,6698,41.5
3515,6698,41.5
3516,6698,40.5
3517,6698,40.5
3518,6698,39.8
3519,6698,39.8
3520,6698,40.0
3521,6698,40.0
3522,6698,40.8
3523,6698,40.8
3524,6698,41.3
3525,6698,41.3
3526,6698,39.9
3527,6698,39.9
3528,6698,33.8
3420,6698,33.8
3531,6698,33.8
3532,6699,33.8
3533,6699,33.8
3534,6699,40.1
3535,6699,40.1
3536,6699,40.3
3537,6699,40.3
3538,6699,40.3
3539,6699,40.3
3540,6699,39.9
3541,6699,39.9
3542,6699,39.3
3543,6699,39.3
3544,6699,39.6
3545,6699,39.6
3546,6699,39.6
3547,6699,39.6
3548,6699,41.2
3549,6699,41.2
3550,6699,39.1
3551,6699,39.1
3552,6699,42.5
3553,6699,42.5
3554,6699,38.5
3555,6699,38.5
3556,6699,39.2
3557,6699,39.2
3558,6699,39.6
3559,6699,39.6
3560,6699,41.4
3561,6699,41.4
3562,6699,40.9
3563,6699,40.9
3564,6699,40.7
3565,6699,40.7
3566,6699,39.9
3567,6699,39.9
3568,6699,40.7
3569,6699,40.7
3570,6699,40.5
3571,6699,40.5
3572,6699,40.2
3573,6699,40.2
3574,6699,39.9
3575,6699,39.9
3576,6699,40.7
3577,6699,40.7
3578,6699,38.8
3579,6699,38.8
3580,6699,39.7
3581,6699,39.7
3582,6699,38.7
3583,6699,38.7
3584,6699,40.0
3585,6699,40.0
3586,6699,40.9
3587,6699,40.9
3588,6699,40.3
3589,6699,40.3
3590,6699,41.0
3591,6699,41.0
3592,6699,40.9
3593,6699,40.9
3594,6699,42.9
3595,6699,42.9
3596,6699,40.6
3597,6699,40.6
3598,6699,40.7
3599,6699,40.7
3600,6699,41.6
3601,6699,41.6
3602,6699,38.7
3603,6699,38.7
3604,6699,40.3
3605,6699,40.3
3606,6699,40.3
3607,6699,40.3
3608,6699,40.3
3609,6699,40.3
3610,6699,40.2
3611,6699,40.2
3612,6699,40.0
3613,6699,40.0
3614,6699,38.0
3615,6699,38.0
3616,6699,39.7
3617,6699,39.7
3618,6699,41.2
3619,6699,41.2
3620,6699,40.1
3621,6699,40.1
3622,6699,38.3
3623,6699,38.3
3624,6699,39.0
3625,6699,39.0
3626,6699,42.3
3627,6699,42.3
3628,6699,41.4
3629,6699,41.4
3630,6699,39.1
3631,6699,39.1
3632,6699,39.5
3633,6699,39.5
3634,6699,40.8
3635,6699,40.8
3636,6699,40.5
3637,6699,40.5
3638,6699,42.3
3639,6699,42.3
3640,6699,40.7
3641,6699,40.7
3642,6699,39.8
3643,6699,39.8
3644,6699,41.5
3645,6699,41.5
3646,6699,38.0
3647,6699,38.0
3648,6699,38.8
3649,6699,38.8
3650,6699,39.6
3651,6699,39.6
3652,6699,38.7
3653,6699,38.7
3654,6699,40.4
3655,6699,40.4
3656,6699,41.9
3657,6699,41.9
3658,6699,40.3
3659,6699,40.3
3660,6699,39.6
3661,6699,39.6
3662,6699,42.2
3663,6699,42.2
3664,6699,40.4
3665,6699,40.4
3666,6699,40.2
3667,6699,40.2
3668,6699,40.3
3669,6699,40.3
3670,6699,39.7
3671,6699,39.7
3672,6699,39.5
3673,6699,39.5
3674,6699,41.2
3675,6699,41.2
3676,6699,37.6
3677,6699,37.6
3678,6699,41.2
3679,6699,41.2
3680,6699,40.8
3681,6699,40.8
3682,6699,42.3
3683,6699,42.3
3684,6699,41.4
3685,6699,41.4
3686,6699,40.8
3687,6699,40.8
3688,6699,38.8
3689,6699,38.8
3690,6699,40.2
3691,6699,40.2
3692,6699,39.9
3693,6699,39.9
3694,6699,41.6
3695,6699,41.6
3696,6699,40.1
3697,6699,40.1
3698,6699,41.5
3699,6699,41.5
3700,6699,38.1
3701,6699,38.1
3702,6699,39.2
3703,6699,39.2
3704,6699,41.9
3705,6699,41.9
3706,6699,40.8
3707,6699,40.8
3708,6699,39.0
3709,6699,39.0
3710,6699,39.6
3711,6699,39.6
3712,6699,35.6
3600,6699,35.6
3716,6699,35.6
3717,6700,35.6
3718,6700,35.6
3719,6700,40.2
3720,6700,40.2
3721,6700,40.0
3722,6700,40.0
3723,6700,38.6
3724,6700,38.6
3725,6700,40.8
3726,6700,40.8
3727,6700,40.2
3728,6700,40.2
3729,6700,39.6
3730,6700,39.6
3731,6700,37.5
3732,6700,37.5
3733,6700,39.1
3734,6700,39.1
3735,6700,41.2
3736,6700,41.2
3737,6700,38.7
3738,6700,38.7
3739,6700,39.7
3740,6700,39.7
3741,6700,41.4
3742,6700,41.4
3743,6700,39.7
3744,6700,39.7
3745,6700,40.1
3746,6700,40.1
3747,6700,40.6
3748,6700,40.6
3749,6700,41.2
3750,6700,41.2
3751,6700,40.5
3752,6700,40.5
3753,6700,41.4
3754,6700,41.4
3755,6700,39.9
3756,6700,39.9
3757,6700,40.0
3758,6700,40.0
3759,6700,38.2
3760,6700,38.2
3761,6700,40.1
3762,6700,40.1
3763,6700,41.1
3764,6700,41.1
3765,6700,40.2
3766,6700,40.2
3767,6700,39.6
3768,6700,39.6
3769,6700,40.5
3770,6700,40.5
3771,6700,40.7
3772,6700,40.7
3773,6700,39.0
3774,6700,39.0
3775,6700,40.6
3776,6700,40.6
3777,6700,39.7
3778,6700,39.7
3779,6700,41.2
3780,6700,41.2
3781,6700,40.3
3782,6700,40.3
3783,6700,39.3
3784,6700,39.3
3785,6700,39.9
3786,6700,39.9
3787,6700,38.3
3788,6700,38.3
3789,6700,40.5
3790,6700,40.5
3791,6700,38.3
3792,6700,38.3
3793,6700,39.7
3794,6700,39.7
3795,6700,40.2
3796,6700,40.2
3797,6700,37.6
3798,6700,37.6
3799,6700,39.0
3800,6700,39.0
3801,6700,38.7
3802,6700,38.7
3803,6700,39.4
3804,6700,39.4
3805,6700,40.5
3806,6700,40.5
3807,6700,39.6
3808,6700,39.6
3809,6700,38.2
3810,6700,38.2
3811,6700,38.7
3812,6700,38.7
3813,6700,39.5
3814,6700,39.5
3815,6700,39.7
3816,6700,39.7
3817,6700,39.6
3818,6700,39.6
3819,6700,38.5
3820,6700,38.5
3821,6700,41.4
3822,6700,41.4
3823,6700,41.2
3824,6700,41.2
3825,6700,41.3
3826,6700,41.3
3827,6700,37.6
3828,6700,37.6
3829,6700,39.5
3830,6700,39.5
3831,6700,40.4
3832,6700,40.4
3833,6700,40.5
3834,6700,40.5
3835,6700,39.4
3836,6700,39.4
3837,6700,39.8
3838,6700,39.8
3839,6700,38.8
3840,6700,38.8
3841,6700,40.5
3842,6700,40.5
3843,6700,39.8
3844,6700,39.8
3845,6700,40.2
3846,6700,40.2
3847,6700,41.2
3848,6700,41.2
3849,6700,40.7
3850,6700,40.7
3851,6700,41.1
3852,6700,41.1
3853,6700,38.3
3854,6700,38.3
3855,6700,40.8
3856,6700,40.8
3857,6700,40.7
3858,6700,40.7
3859,6700,39.9
3860,6700,39.9
3861,6700,40.1
3862,6700,40.1
3863,6700,38.4
3864,6700,38.4
3865,6700,40.3
3866,6700,40.3
3867,6700,41.7
3868,6700,41.7
3869,6700,40.6
3870,6700,40.6
3871,6700,41.1
3872,6700,41.1
3873,6700,38.5
3874,6700,38.5
3875,6700,40.9
3876,6700,40.9
3877,6700,39.6
3878,6700,39.6
3879,6700,38.7
3880,6700,38.7
3881,6700,40.9
3882,6700,40.9
3883,6700,41.5
3884,6700,41.5
3885,6700,40.8
3886,6700,40.8
3887,6700,41.2
3888,6700,41.2
3889,6700,40.9
3890,6700,40.9
3891,6700,40.0
3892,6700,40.0
3893,6700,40.2
3894,6700,40.2
3895,6700,38.6
3896,6700,38.6
3897,6700,36.3
3780,6700,36.3
3900,6700,36.3
3901,6701,36.3
3902,6701,36.3
3903,6701,38.1
3904,6701,38.1
3905,6701,38.6
3906,6701,38.6
3907,6701,40.7
3908,6701,40.7
3909,6701,38.9
3910,6701,38.9
3911,6701,39.9
3912,6701,39.9
3913,6701,41.0
3914,6701,41.0
3915,6701,39.3
3916,6701,39.3
3917,6701,38.6
3918,6701,38.6
3919,6701,40.3
3920,6701,40.3
3921,6701,39.8
3922,6701,39.8
3923,6701,39.7
3924,6701,39.7
3925,6701,40.0
3926,6701,40.0
3927,6701,40.7
3928,6701,40.7
3929,6701,42.3
3930,6701,42.3
3931,6701,38.6
3932,6701,38.6
3933,6701,38.9
3934,6701,38.9
3935,6701,40.3
3936,6701,40.3
3937,6701,41.3
3938,6701,41.3
3939,6701,40.8
3940,6701,40.8
3941,6701,41.3
3942,6701,41.3
3943,6701,40.5
3944,6701,40.5
3945,6701,41.6
3946,6701,41.6
3947,6701,41.1
3948,6701,41.1
3949,6701,39.6
3950,6701,39.6
3951,6701,38.7
3952,6701,38.7
3953,6701,39.6
3954,6701,39.6
3955,6701,40.3
3956,6701,40.3
3957,6701,40.2
3958,6701,40.2
3959,6701,41.9
3960,6701,41.9
3961,6701,39.6
3962,6701,39.6
3963,6701,40.7
3964,6701,40.7
3965,6701,42.6
3966,6701,42.6
3967,6701,40.4
3968,6701,40.4
3969,6701,40.1
3970,6701,40.1
3971,6701,38.5
3972,6701,38.5
3973,6701,41.8
3974,6701,41.8
3975,6701,39.2
3976,6701,39.2
3977,6701,41.4
3978,6701,41.4
3979,6701,39.0
3980,6701,39.0
3981,6701,40.1
3982,6701,40.1
3983,6701,40.4
3984,6701,40.4
3985,6701,41.3
3986,6701,41.3
3987,6701,40.8
3988,6701,40.8
3989,6701,41.5
3990,6701,41.5
3991,6701,39.5
3992,6701,39.5
3993,6701,39.3
3994,6701,39.3
3995,6701,40.2
3996,6701,40.2
3997,6701,41.2
3998,6701,41.2
3999,6701,40.0
4000,6701,40.0
4001,6701,38.7
4002,6701,38.7
4003,6701,39.1
4004,6701,39.1
4005,6701,40.8
4006,6701,40.8
4007,6701,40.3
4008,6701,40.3
4009,6701,40.8
4010,6701,40.8
4011,6701,41.9
4012,6701,41.9
4013,6701,41.0
4014,6701,41.0
4015,6701,43.0
4016,6701,43.0
4017,6701,41.1
4018,6701,41.1
4019,6701,40.5
4020,6701,40.5
4021,6701,37.8
4022,6701,37.8
4023,6701,40.5
4024,6701,40.5
4025,6701,38.7
4026,6701,38.7
4027,6701,39.2
4028,6701,39.2
4029,6701,39.3
4030,6701,39.3
4031,6701,41.2
4032,6701,41.2
4033,6701,39.3
4034,6701,39.3
4035,6701,40.2
4036,6701,40.2
4037,6701,40.9
4038,6701,40.9
4039,6701,41.8
4040,6701,41.8
4041,6701,39.3
4042,6701,39.3
4043,6701,38.5
4044,6701,38.5
4045,6701,39.8
4046,6701,39.8
4047,6701,38.5
4048,6701,38.5
4049,6701,40.8
4050,6701,40.8
4051,6701,39.9
4052,6701,39.9
4053,6701,37.2
4054,6701,37.2
4055,6701,39.2
4056,6701,39.2
4057,6701,40.4
4058,6701,40.4
4059,6701,41.3
4060,6701,41.3
4061,6701,40.4
4062,6701,40.4
4063,6701,40.7
4064,6701,40.7
4065,6701,40.5
4066,6701,40.5
4067,6701,42.2
4068,6701,42.2
4069,6701,40.5
4070,6701,40.5
4071,6701,40.6
4072,6701,40.6
4073,6701,40.5
4074,6701,40.5
4075,6701,41.2
4076,6701,41.2
4077,6701,41.6
4078,6701,41.6
4079,6701,40.3
4080,6701,40.3
4081,6701,45.3
3960,6701,45.3
4084,6701,45.3
4085,6702,45.3
4086,6702,45.3
4087,6702,39.8
4088,6702,39.8
4089,6702,41.4
4090,6702,41.4
4091,6702,38.9
4092,6702,38.9
4093,6702,40.5
4094,6702,40.5
4095,6702,40.3
4096,6702,40.3
4097,6702,38.8
4098,6702,38.8
4099,6702,40.6
4100,6702,40.6
4101,6702,41.1
4102,6702,41.1
4103,6702,39.8
4104,6702,39.8
4105,6702,40.9
4106,6702,40.9
4107,6702,39.2
4108,6702,39.2
4109,6702,40.0
4110,6702,40.0
4111,6702,40.6
4112,6702,40.6
4113,6702,42.2
4114,6702,42.2
4115,6702,40.0
4116,6702,40.0
4117,6702,41.2
4118,6702,41.2
4119,6702,42.6
4120,6702,42.6
4121,6702,40.1
4122,6702,40.1
4123,6702,41.1
4124,6702,41.1
4125,6702,40.4
4126,6702,40.4
4127,6702,39.7
4128,6702,39.7
4129,6702,41.5
4130,6702,41.5
4131,6702,41.0
4132,6702,41.0
4133,6702,41.1
4134,6702,41.1
4135,6702,39.5
4136,6702,39.5
4137,6702,39.7
4138,6702,39.7
4139,6702,41.3
4140,6702,41.3
4141,6702,40.3
4142,6702,40.3
4143,6702,40.1
4144,6702,40.1
4145,6702,39.9
4146,6702,39.9
4147,6702,40.6
4148,6702,40.6
4149,6702,42.7
4150,6702,42.7
4151,6702,41.2
4152,6702,41.2
4153,6702,40.1
4154,6702,40.1
4155,6702,39.2
4156,6702,39.2
4157,6702,40.6
4158,6702,40.6
4159,6702,41.3
4160,6702,41.3
4161,6702,38.2
4162,6702,38.2
4163,6702,38.7
4164,6702,38.7
4165,6702,40.2
4166,6702,40.2
4167,6702,40.7
4168,6702,40.7
4169,6702,38.5
4170,6702,38.5
4171,6702,40.7
4172,6702,40.7
4173,6702,40.1
4174,6702,40.1
4175,6702,39.0
4176,6702,39.0
4177,6702,39.6
4178,6702,39.6
4179,6702,40.6
4180,6702,40.6
4181,6702,41.2
4182,6702,41.2
4183,6702,39.2
4184,6702,39.2
4185,6702,41.1
4186,6702,41.1
4187,6702,39.9
4188,6702,39.9
4189,6702,40.7
4190,6702,40.7
4191,6702,40.3
4192,6702,40.3
4193,6702,39.3
4194,6702,39.3
4195,6702,40.7
4196,6702,40.7
4197,6702,41.4
4198,6702,41.4
4199,6702,39.3
4200,6702,39.3
4201,6702,39.7
4202,6702,39.7
4203,6702,39.5
4204,6702,39.5
4205,6702,39.5
4206,6702,39.5
4207,6702,38.3
4208,6702,38.3
4209,6702,38.9
4210,6702,38.9
4211,6702,40.5
4212,6702,40.5
4213,6702,39.8
4214,6702,39.8
4215,6702,39.5
4216,6702,39.5
4217,6702,39.5
4218,6702,39.5
4219,6702,42.4
4220,6702,42.4
4221,6702,41.0
4222,6702,41.0
4223,6702,41.2
4224,6702,41.2
4225,6702,38.5
4226,6702,38.5
4227,6702,40.0
4228,6702,40.0
4229,6702,40.0
4230,6702,40.0
4231,6702,38.7
4232,6702,38.7
4233,6702,40.1
4234,6702,40.1
4235,6702,39.6
4236,6702,39.6
4237,6702,40.2
4238,6702,40.2
4239,6702,41.6
4240,6702,41.6
4241,6702,39.3
4242,6702,39.3
4243,6702,40.9
4244,6702,40.9
4245,6702,42.0
4246,6702,42.0
4247,6702,39.2
4248,6702,39.2
4249,6702,40.9
4250,6702,40.9
4251,6702,40.0
4252,6702,40.0
4253,6702,40.3
4254,6702,40.3
4255,6702,41.2
4256,6702,41.2
4257,6702,41.8
4258,6702,41.8
4259,6702,40.0
4260,6702,40.0
4261,6702,39.4
4262,6702,39.4
4263,6702,38.5
4264,6702,38.5
4265,6702,50.6
4140,6702,50.6
4268,6702,50.6
4269,6703,50.6
4270,6703,50.6
4271,6703,39.7
4272,6703,39.7
4273,6703,39.9
4274,6703,39.9
4275,6703,40.3
4276,6703,40.3
4277,6703,40.5
4278,6703,40.5
4279,6703,39.3
4280,6703,39.3
4281,6703,40.5
4282,6703,40.5
4283,6703,40.8
4284,6703,40.8
4285,6703,41.5
4286,6703,41.5
4287,6703,39.8
4288,6703,39.8
4289,6703,39.4
4290,6703,39.4
4291,6703,40.1
4292,6703,40.1
4293,6703,38.9
4294,6703,38.9
4295,6703,40.7
4296,6703,40.7
4297,6703,40.3
4298,6703,40.3
4299,6703,40.0
4300,6703,40.0
4301,6703,39.6
4302,6703,39.6
4303,6703,39.7
4304,6703,39.7
4305,6703,41.2
4306,6703,41.2
4307,6703,40.1
4308,6703,40.1
4309,6703,40.9
4310,6703,40.9
4311,6703,39.1
4312,6703,39.1
4313,6703,39.8
4314,6703,39.8
4315,6703,39.3
4316,6703,39.3
4317,6703,39.8
4318,6703,39.8
4319,6703,40.2
4320,6703,40.2
4321,6703,38.8
4322,6703,38.8
4323,6703,37.3
4324,6703,37.3
4325,6703,40.5
4326,6703,40.5
4327,6703,42.0
4328,6703,42.0
4329,6703,38.0
4330,6703,38.0
4331,6703,40.6
4332,6703,40.6
4333,6703,40.9
4334,6703,40.9
4335,6703,40.8
4336,6703,40.8
4337,6703,39.3
4338,6703,39.3
4339,6703,38.9
4340,6703,38.9
4341,6703,41.4
4342,6703,41.4
4343,6703,38.6
4344,6703,38.6
4345,6703,39.3
4346,6703,39.3
4347,6703,40.0
4348,6703,40.0
4349,6703,39.4
4350,6703,39.4
4351,6703,38.7
4352,6703,38.7
4353,6703,38.9
4354,6703,38.9
4355,6703,41.1
4356,6703,41.1
4357,6703,40.9
4358,6703,40.9
4359,6703,39.5
4360,6703,39.5
4361,6703,40.9
4362,6703,40.9
4363,6703,41.0
4364,6703,41.0
4365,6703,40.7
4366,6703,40.7
4367,6703,39.7
4368,6703,39.7
4369,6703,40.9
4370,6703,40.9
4371,6703,41.6
4372,6703,41.6
4373,6703,40.5
4374,6703,40.5
4375,6703,39.8
4376,6703,39.8
4377,6703,38.5
4378,6703,38.5
4379,6703,40.9
4380,6703,40.9
4381,6703,41.8
4382,6703,41.8
4383,6703,39.6
4384,6703,39.6
4385,6703,38.0
4386,6703,38.0
4387,6703,39.5
4388,6703,39.5
4389,6703,37.9
4390,6703,37.9
4391,6703,39.0
4392,6703,39.0
4393,6703,41.4
4394,6703,41.4
4395,6703,41.0
4396,6703,41.0
4397,6703,39.9
4398,6703,39.9
4399,6703,41.1
4400,6703,41.1
4401,6703,39.8
4402,6703,39.8
4403,6703,41.5
4404,6703,41.5
4405,6703,39.7
4406,6703,39.7
4407,6703,41.4
4408,6703,41.4
4409,6703,37.6
4410,6703,37.6
4411,6703,40.4
4412,6703,40.4
4413,6703,41.8
4414,6703,41.8
4415,6703,38.2
4416,6703,38.2
4417,6703,39.2
4418,6703,39.2
4419,6703,41.5
4420,6703,41.5
4421,6703,39.7
4422,6703,39.7
4423,6703,40.6
4424,6703,40.6
4425,6703,38.4
4426,6703,38.4
4427,6703,41.7
4428,6703,41.7
4429,6703,39.9
4430,6703,39.9
4431,6703,42.0
4432,6703,42.0
4433,6703,39.8
4434,6703,39.8
4435,6703,41.6
4436,6703,41.6
4437,6703,41.4
4438,6703,41.4
4439,6703,40.2
4440,6703,40.2
4441,6703,41.0
4442,6703,41.0
4443,6703,39.8
4444,6703,39.8
4445,6703,39.8
4446,6703,39.8
4447,6703,40.4
4448,6703,40.4
4449,6703,40.3
4320,6703,40.3
4452,6703,40.3
4453,6704,40.3
4454,6704,40.3
4455,6704,41.0
4456,6704,41.0
4457,6704,41.1
4458,6704,41.1
4459,6704,39.9
4460,6704,39.9
4461,6704,39.7
4462,6704,39.7
4463,6704,38.6
4464,6704,38.6
4465,6704,40.0
4466,6704,40.0
4467,6704,41.2
4468,6704,41.2
4469,6704,42.5
4470,6704,42.5
4471,6704,38.9
4472,6704,38.9
4473,6704,40.6
4474,6704,40.6
4475,6704,38.3
4476,6704,38.3
4477,6704,39.6
4478,6704,39.6
4479,6704,38.5
4480,6704,38.5
4481,6704,40.3
4482,6704,40.3
4483,6704,39.3
4484,6704,39.3
4485,6704,41.0
4486,6704,41.0
4487,6704,40.7
4488,6704,40.7
4489,6704,40.1
4490,6704,40.1
4491,6704,39.5
4492,6704,39.5
4493,6704,39.8
4494,6704,39.8
4495,6704,39.6
4496,6704,39.6
4497,6704,40.0
4498,6704,40.0
4499,6704,39.7
4500,6704,39.7
4501,6704,38.4
4502,6704,38.4
4503,6704,39.4
4504,6704,39.4
4505,6704,38.1
4506,6704,38.1
4507,6704,39.9
4508,6704,39.9
4509,6704,39.4
4510,6704,39.4
4511,6704,39.1
4512,6704,39.1
4513,6704,40.5
4514,6704,40.5
4515,6704,40.7
4516,6704,40.7
4517,6704,40.9
4518,6704,40.9
4519,6704,39.3
4520,6704,39.3
4521,6704,38.8
4522,6704,38.8
4523,6704,39.4
4524,6704,39.4
4525,6704,41.4
4526,6704,41.4
4527,6704,41.8
4528,6704,41.8
4529,6704,38.4
4530,6704,38.4
4531,6704,41.0
4532,6704,41.0
4533,6704,41.1
4534,6704,41.1
4535,6704,39.5
4536,6704,39.5
4537,6704,39.7
4538,6704,39.7
4539,6704,40.9
4540,6704,40.9
4541,6704,40.6
4542,6704,40.6
4543,6704,37.5
4544,6704,37.5
4545,6704,39.4
4546,6704,39.4
4547,6704,41.0
4548,6704,41.0
4549,6704,40.8
4550,6704,40.8
4551,6704,37.0
4552,6704,37.0
4553,6704,39.4
4554,6704,39.4
4555,6704,40.1
4556,6704,40.1
4557,6704,38.3
4558,6704,38.3
4559,6704,40.6
4560,6704,40.6
4561,6704,40.3
4562,6704,40.3
4563,6704,40.0
4564,6704,40.0
4565,6704,39.2
4566,6704,39.2
4567,6704,40.2
4568,6704,40.2
4569,6704,39.8
4570,6704,39.8
4571,6704,40.6
4572,6704,40.6
4573,6704,39.8
4574,6704,39.8
4575,6704,41.6
4576,6704,41.6
4577,6704,38.7
4578,6704,38.7
4579,6704,41.4
4580,6704,41.4
4581,6704,40.7
4582,6704,40.7
4583,6704,39.8
4584,6704,39.8
4585,6704,40.7
4586,6704,40.7
4587,6704,41.6
4588,6704,41.6
4589,6704,38.3
4590,6704,38.3
4591,6704,40.4
4592,6704,40.4
4593,6704,41.6
4594,6704,41.6
4595,6704,39.4
4596,6704,39.4
4597,6704,41.3
4598,6704,41.3
4599,6704,39.3
4600,6704,39.3
4601,6704,38.1
4602,6704,38.1
4603,6704,39.9
4604,6704,39.9
4605,6704,39.7
4606,6704,39.7
4607,6704,39.9
4608,6704,39.9
4609,6704,39.2
4610,6704,39.2
4611,6704,41.6
4612,6704,41.6
4613,6704,39.8
4614,6704,39.8
4615,6704,41.1
4616,6704,41.1
4617,6704,39.2
4618,6704,39.2
4619,6704,39.0
4620,6704,39.0
4621,6704,41.3
4622,6704,41.3
4623,6704,39.4
4624,6704,39.4
4625,6704,40.3
4626,6704,40.3
4627,6704,38.8
4628,6704,38.8
4629,6704,40.9
4630,6704,40.9
4631,6704,38.6
4632,6704,38.6
4633,6704,35.0
4500,6704,35.0
4637,6704,35.0
4638,6705,35.0
4639,6705,35.0
4640,6705,39.1
4641,6705,39.1
4642,6705,38.7
4643,6705,38.7
4644,6705,41.3
4645,6705,41.3
4646,6705,39.7
4647,6705,39.7
4648,6705,40.2
4649,6705,40.2
4650,6705,40.8
4651,6705,40.8
4652,6705,41.0
4653,6705,41.0
4654,6705,40.7
4655,6705,40.7
4656,6705,39.9
4657,6705,39.9
4658,6705,39.7
4659,6705,39.7
4660,6705,38.2
4661,6705,38.2
4662,6705,40.0
4663,6705,40.0
4664,6705,37.6
4665,6705,37.6
4666,6705,39.9
4667,6705,39.9
4668,6705,41.6
4669,6705,41.6
4670,6705,39.8
4671,6705,39.8
4672,6705,39.5
4673,6705,39.5
4674,6705,40.7
4675,6705,40.7
4676,6705,39.9
4677,6705,39.9
4678,6705,40.3
4679,6705,40.3
4680,6705,39.3
4681,6705,39.3
4682,6705,41.2
4683,6705,41.2
4684,6705,40.1
4685,6705,40.1
4686,6705,41.1
4687,6705,41.1
4688,6705,38.9
4689,6705,38.9
4690,6705,40.1
4691,6705,40.1
4692,6705,40.2
4693,6705,40.2
4694,6705,40.3
4695,6705,40.3
4696,6705,41.8
4697,6705,41.8
4698,6705,39.4
4699,6705,39.4
4700,6705,40.4
4701,6705,40.4
4702,6705,41.3
4703,6705,41.3
4704,6705,40.2
4705,6705,40.2
4706,6705,40.7
4707,6705,40.7
4708,6705,41.1
4709,6705,41.1
4710,6705,40.4
4711,6705,40.4
4712,6705,39.7
4713,6705,39.7
4714,6705,41.1
4715,6705,41.1
4716,6705,38.0
4717,6705,38.0
4718,6705,39.0
4719,6705,39.0
4720,6705,37.6
4721,6705,37.6
4722,6705,40.3
4723,6705,40.3
4724,6705,40.5
4725,6705,40.5
4726,6705,40.2
4727,6705,40.2
4728,6705,40.4
4729,6705,40.4
4730,6705,39.5
4731,6705,39.5
4732,6705,40.1
4733,6705,40.1
4734,6705,39.5
4735,6705,39.5
4736,6705,40.5
4737,6705,40.5
4738,6705,39.1
4739,6705,39.1
4740,6705,41.3
4741,6705,41.3
4742,6705,41.4
4743,6705,41.4
4744,6705,39.2
4745,6705,39.2
4746,6705,39.9
4747,6705,39.9
4748,6705,41.2
4749,6705,41.2
4750,6705,41.6
4751,6705,41.6
4752,6705,39.9
4753,6705,39.9
4754,6705,39.5
4755,6705,39.5
4756,6705,38.8
4757,6705,38.8
4758,6705,38.9
4759,6705,38.9
4760,6705,37.1
4761,6705,37.1
4762,6705,39.5
4763,6705,39.5
4764,6705,42.2
4765,6705,42.2
4766,6705,39.7
4767,6705,39.7
4768,6705,40.9
4769,6705,40.9
4770,6705,41.0
4771,6705,41.0
4772,6705,41.4
4773,6705,41.4
4774,6705,39.8
4775,6705,39.8
4776,6705,41.0
4777,6705,41.0
4778,6705,38.6
4779,6705,38.6
4780,6705,39.2
4781,6705,39.2
4782,6705,40.4
4783,6705,40.4
4784,6705,40.5
4785,6705,40.5
4786,6705,39.5
4787,6705,39.5
4788,6705,40.8
4789,6705,40.8
4790,6705,40.6
4791,6705,40.6
4792,6705,38.9
4793,6705,38.9
4794,6705,39.4
4795,6705,39.4
4796,6705,40.4
4797,6705,40.4
4798,6705,40.3
4799,6705,40.3
4800,6705,41.5
4801,6705,41.5
4802,6705,38.7
4803,6705,38.7
4804,6705,40.7
4805,6705,40.7
4806,6705,37.2
4807,6705,37.2
4808,6705,40.1
4809,6705,40.1
4810,6705,41.2
4811,6705,41.2
4812,6705,39.1
4813,6705,39.1
4814,6705,42.8
4815,6705,42.8
4816,6705,39.6
4817,6705,39.6
4818,6705,41.4
4680,6705,41.4
4821,6705,41.4
4822,6706,41.4
4823,6706,41.4
4824,6706,41.0
4825,6706,41.0
4826,6706,41.7
4827,6706,41.7
4828,6706,39.0
4829,6706,39.0
4830,6706,39.7
4831,6706,39.7
4832,6706,39.7
4833,6706,39.7
4834,6706,40.3
4835,6706,40.3
4836,6706,39.6
4837,6706,39.6
4838,6706,38.7
4839,6706,38.7
4840,6706,39.5
4841,6706,39.5
4842,6706,40.9
4843,6706,40.9
4844,6706,38.0
4845,6706,38.0
4846,6706,39.1
4847,6706,39.1
4848,6706,38.5
4849,6706,38.5
4850,6706,41.3
4851,6706,41.3
4852,6706,39.2
4853,6706,39.2
4854,6706,40.3
4855,6706,40.3
4856,6706,39.3
4857,6706,39.3
4858,6706,38.4
4859,6706,38.4
4860,6706,40.3
4861,6706,40.3
4862,6706,39.3
4863,6706,39.3
4864,6706,40.1
4865,6706,40.1
4866,6706,40.4
4867,6706,40.4
4868,6706,40.9
4869,6706,40.9
4870,6706,40.9
4871,6706,40.9
4872,6706,39.5
4873,6706,39.5
4874,6706,37.3
4875,6706,37.3
4876,6706,41.8
4877,6706,41.8
4878,6706,40.2
4879,6706,40.2
4880,6706,39.9
4881,6706,39.9
4882,6706,39.2
4883,6706,39.2
4884,6706,40.8
4885,6706,40.8
4886,6706,39.4
4887,6706,39.4
4888,6706,39.8
4889,6706,39.8
4890,6706,40.7
4891,6706,40.7
4892,6706,40.7
4893,6706,40.7
4894,6706,40.0
4895,6706,40.0
4896,6706,40.1
4897,6706,40.1
4898,6706,40.5
4899,6706,40.5
4900,6706,39.5
4901,6706,39.5
4902,6706,39.3
4903,6706,39.3
4904,6706,39.4
4905,6706,39.4
4906,6706,39.3
4907,6706,39.3
4908,6706,38.1
4909,6706,38.1
4910,6706,41.9
4911,6706,41.9
4912,6706,41.1
4913,6706,41.1
4914,6706,40.1
4915,6706,40.1
4916,6706,41.0
4917,6706,41.0
4918,6706,41.6
4919,6706,41.6
4920,6706,39.7
4921,6706,39.7
4922,6706,40.2
4923,6706,40.2
4924,6706,38.1
4925,6706,38.1
4926,6706,39.8
4927,6706,39.8
4928,6706,39.9
4929,6706,39.9
4930,6706,40.3
4931,6706,40.3
4932,6706,40.4
4933,6706,40.4
4934,6706,41.7
4935,6706,41.7
4936,6706,40.0
4937,6706,40.0
4938,6706,38.6
4939,6706,38.6
4940,6706,40.0
4941,6706,40.0
4942,6706,40.8
4943,6706,40.8
4944,6706,39.4
4945,6706,39.4
4946,6706,38.8
4947,6706,38.8
4948,6706,40.7
4949,6706,40.7
4950,6706,38.0
4951,6706,38.0
4952,6706,39.5
4953,6706,39.5
4954,6706,40.9
4955,6706,40.9
4956,6706,41.1
4957,6706,41.1
4958,6706,41.1
4959,6706,41.1
4960,6706,40.4
4961,6706,40.4
4962,6706,41.1
4963,6706,41.1
4964,6706,39.3
4965,6706,39.3
4966,6706,41.1
4967,6706,41.1
4968,6706,39.9
4969,6706,39.9
4970,6706,40.5
4971,6706,40.5
4972,6706,40.0
4973,6706,40.0
4974,6706,39.0
4975,6706,39.0
4976,6706,41.0
4977,6706,41.0
4978,6706,39.8
4979,6706,39.8
4980,6706,40.6
4981,6706,40.6
4982,6706,39.9
4983,6706,39.9
4984,6706,41.0
4985,6706,41.0
4986,6706,38.5
4987,6706,38.5
4988,6706,41.8
4989,6706,41.8
4990,6706,38.8
4991,6706,38.8
4992,6706,39.9
4993,6706,39.9
4994,6706,41.3
4995,6706,41.3
4996,6706,40.1
4997,6706,40.1
4998,6706,39.2
4999,6706,39.2
5000,6706,39.8
5001,6706,39.8
5002,6706,40.8
4860,6706,40.8
5005,6706,40.8
5006,6707,40.8
5007,6707,40.8
5008,6707,39.5
5009,6707,39.5
5010,6707,39.9
5011,6707,39.9
5012,6707,39.0
5013,6707,39.0
5014,6707,41.8
5015,6707,41.8
5016,6707,39.5
5017,6707,39.5
5018,6707,40.6
5019,6707,40.6
5020,6707,40.0
5021,6707,40.0
5022,6707,40.0
5023,6707,40.0
5024,6707,39.1
5025,6707,39.1
5026,6707,39.2
5027,6707,39.2
5028,6707,38.3
5029,6707,38.3
5030,6707,41.3
5031,6707,41.3
5032,6707,38.9
5033,6707,38.9
5034,6707,40.5
5035,6707,40.5
5036,6707,41.6
5037,6707,41.6
5038,6707,39.7
5039,6707,39.7
5040,6707,39.7
5041,6707,39.7
5042,6707,40.8
5043,6707,40.8
5044,6707,39.8
5045,6707,39.8
5046,6707,39.3
5047,6707,39.3
5048,6707,39.5
5049,6707,39.5
5050,6707,39.8
5051,6707,39.8
5052,6707,40.5
5053,6707,40.5
5054,6707,38.1
5055,6707,38.1
5056,6707,40.2
5057,6707,40.2
5058,6707,39.6
5059,6707,39.6
5060,6707,39.9
5061,6707,39.9
5062,6707,39.3
5063,6707,39.3
5064,6707,42.4
5065,6707,42.4
5066,6707,40.0
5067,6707,40.0
5068,6707,39.7
5069,6707,39.7
5070,6707,40.0
5071,6707,40.0
5072,6707,41.0
5073,6707,41.0
5074,6707,39.5
5075,6707,39.5
5076,6707,39.4
5077,6707,39.4
5078,6707,39.7
5079,6707,39.7
5080,6707,40.4
5081,6707,40.4
5082,6707,39.5
5083,6707,39.5
5084,6707,39.1
5085,6707,39.1
5086,6707,38.9
5087,6707,38.9
5088,6707,37.3
5089,6707,37.3
5090,6707,39.3
5091,6707,39.3
5092,6707,40.2
5093,6707,40.2
5094,6707,40.5
5095,6707,40.5
5096,6707,39.0
5097,6707,39.0
5098,6707,41.2
5099,6707,41.2
5100,6707,40.8
5101,6707,40.8
5102,6707,40.7
5103,6707,40.7
5104,6707,40.3
5105,6707,40.3
5106,6707,41.5
5107,6707,41.5
5108,6707,38.5
5109,6707,38.5
5110,6707,41.1
5111,6707,41.1
5112,6707,40.0
5113,6707,40.0
5114,6707,40.9
5115,6707,40.9
5116,6707,41.6
5117,6707,41.6
5118,6707,39.5
5119,6707,39.5
5120,6707,39.3
5121,6707,39.3
5122,6707,40.8
5123,6707,40.8
5124,6707,38.8
5125,6707,38.8
5126,6707,39.6
5127,6707,39.6
5128,6707,39.5
5129,6707,39.5
5130,6707,39.2
5131,6707,39.2
5132,6707,41.9
5133,6707,41.9
5134,6707,38.6
5135,6707,38.6
5136,6707,39.6
5137,6707,39.6
5138,6707,40.1
5139,6707,40.1
5140,6707,41.6
5141,6707,41.6
5142,6707,39.6
5143,6707,39.6
5144,6707,40.9
5145,6707,40.9
5146,6707,40.1
5147,6707,40.1
5148,6707,38.3
5149,6707,38.3
5150,6707,40.4
5151,6707,40.4
5152,6707,40.3
5153,6707,40.3
5154,6707,39.3
5155,6707,39.3
5156,6707,40.3
5157,6707,40.3
5158,6707,38.5
5159,6707,38.5
5160,6707,40.6
5161,6707,40.6
5162,6707,40.4
5163,6707,40.4
5164,6707,41.2
5165,6707,41.2
5166,6707,40.5
5167,6707,40.5
5168,6707,41.4
5169,6707,41.4
5170,6707,39.1
5171,6707,39.1
5172,6707,40.7
5173,6707,40.7
5174,6707,40.5
5175,6707,40.5
5176,6707,40.2
5177,6707,40.2
5178,6707,39.9
5179,6707,39.9
5180,6707,40.7
5181,6707,40.7
5182,6707,40.5
5183,6707,40.5
5184,6707,38.7
5185,6707,38.7
5186,6707,32.1
5040,6707,32.1
5189,6707,32.1
5190,6708,32.1
5191,6708,32.1
5192,6708,39.7
5193,6708,39.7
5194,6708,38.4
5195,6708,38.4
5196,6708,39.6
5197,6708,39.6
5198,6708,40.0
5199,6708,40.0
5200,6708,38.9
5201,6708,38.9
5202,6708,39.3
5203,6708,39.3
5204,6708,38.7
5205,6708,38.7
5206,6708,40.3
5207,6708,40.3
5208,6708,40.4
5209,6708,40.4
5210,6708,40.2
5211,6708,40.2
5212,6708,37.5
5213,6708,37.5
5214,6708,40.5
5215,6708,40.5
5216,6708,39.3
5217,6708,39.3
5218,6708,41.8
5219,6708,41.8
5220,6708,40.4
5221,6708,40.4
5222,6708,42.6
5223,6708,42.6
5224,6708,40.5
5225,6708,40.5
5226,6708,41.1
5227,6708,41.1
5228,6708,40.5
5229,6708,40.5
5230,6708,38.7
5231,6708,38.7
5232,6708,39.1
5233,6708,39.1
5234,6708,39.4
5235,6708,39.4
5236,6708,39.3
5237,6708,39.3
5238,6708,38.2
5239,6708,38.2
5240,6708,39.7
5241,6708,39.7
5242,6708,38.9
5243,6708,38.9
5244,6708,39.1
5245,6708,39.1
5246,6708,40.1
5247,6708,40.1
5248,6708,37.9
5249,6708,37.9
5250,6708,40.4
5251,6708,40.4
5252,6708,38.9
5253,6708,38.9
5254,6708,40.9
5255,6708,40.9
5256,6708,39.7
5257,6708,39.7
5258,6708,39.0
5259,6708,39.0
5260,6708,39.1
5261,6708,39.1
5262,6708,41.1
5263,6708,41.1
5264,6708,41.1
5265,6708,41.1
5266,6708,39.2
5267,6708,39.2
5268,6708,37.5
5269,6708,37.5
5270,6708,40.3
5271,6708,40.3
5272,6708,41.6
5273,6708,41.6
5274,6708,40.6
5275,6708,40.6
5276,6708,39.5
5277,6708,39.5
5278,6708,39.4
5279,6708,39.4
5280,6708,38.0
5281,6708,38.0
5282,6708,40.7
5283,6708,40.7
5284,6708,40.1
5285,6708,40.1
5286,6708,39.2
5287,6708,39.2
5288,6708,40.8
5289,6708,40.8
5290,6708,39.9
5291,6708,39.9
5292,6708,39.2
5293,6708,39.2
5294,6708,40.1
5295,6708,40.1
5296,6708,39.9
5297,6708,39.9
5298,6708,40.5
5299,6708,40.5
5300,6708,40.2
5301,6708,40.2
5302,6708,39.7
5303,6708,39.7
5304,6708,39.1
5305,6708,39.1
5306,6708,40.8
5307,6708,40.8
5308,6708,39.8
5309,6708,39.8
5310,6708,39.4
5311,6708,39.4
5312,6708,40.9
5313,6708,40.9
5314,6708,38.9
5315,6708,38.9
5316,6708,40.6
5317,6708,40.6
5318,6708,39.1
5319,6708,39.1
5320,6708,40.5
5321,6708,40.5
5322,6708,40.4
5323,6708,40.4
5324,6708,38.9
5325,6708,38.9
5326,6708,39.9
5327,6708,39.9
5328,6708,41.2
5329,6708,41.2
5330,6708,40.8
5331,6708,40.8
5332,6708,37.9
5333,6708,37.9
5334,6708,40.6
5335,6708,40.6
5336,6708,39.3
5337,6708,39.3
5338,6708,36.3
5339,6708,36.3
5340,6708,40.5
5341,6708,40.5
5342,6708,38.8
5343,6708,38.8
5344,6708,41.0
5345,6708,41.0
5346,6708,39.1
5347,6708,39.1
5348,6708,39.6
5349,6708,39.6
5350,6708,40.6
5351,6708,40.6
5352,6708,41.6
5353,6708,41.6
5354,6708,39.2
5355,6708,39.2
5356,6708,39.2
5357,6708,39.2
5358,6708,40.5
5359,6708,40.5
5360,6708,39.3
5361,6708,39.3
5362,6708,38.9
5363,6708,38.9
5364,6708,40.3
5365,6708,40.3
5366,6708,39.1
5367,6708,39.1
5368,6708,40.0
5369,6708,40.0
5370,6708,44.0
5220,6708,44.0
5373,6708,44.0
5374,6709,44.0
5375,6709,44.0
5376,6709,38.3
5377,6709,38.3
5378,6709,39.0
5379,6709,39.0
5380,6709,40.2
5381,6709,40.2
5382,6709,40.4
5383,6709,40.4
5384,6709,36.3
5385,6709,36.3
5386,6709,41.2
5387,6709,41.2
5388,6709,39.7
5389,6709,39.7
5390,6709,41.9
5391,6709,41.9
5392,6709,39.6
5393,6709,39.6
5394,6709,38.4
5395,6709,38.4
5396,6709,37.7
5397,6709,37.7
5398,6709,40.6
5399,6709,40.6
5400,6709,40.6
5401,6709,40.6
5402,6709,39.8
5403,6709,39.8
5404,6709,41.7
5405,6709,41.7
5406,6709,40.2
5407,6709,40.2
5408,6709,40.2
5409,6709,40.2
5410,6709,38.5
5411,6709,38.5
5412,6709,39.7
5413,6709,39.7
5414,6709,39.6
5415,6709,39.6
5416,6709,41.5
5417,6709,41.5
5418,6709,40.4
5419,6709,40.4
5420,6709,40.1
5421,6709,40.1
5422,6709,40.1
5423,6709,40.1
5424,6709,40.3
5425,6709,40.3
5426,6709,39.4
5427,6709,39.4
5428,6709,40.0
5429,6709,40.0
5430,6709,39.4
5431,6709,39.4
5432,6709,39.0
5433,6709,39.0
5434,6709,38.5
5435,6709,38.5
5436,6709,38.3
5437,6709,38.3
5438,6709,39.0
5439,6709,39.0
5440,6709,40.1
5441,6709,40.1
5442,6709,40.0
5443,6709,40.0
5444,6709,39.8
5445,6709,39.8
5446,6709,40.6
5447,6709,40.6
5448,6709,39.9
5449,6709,39.9
5450,6709,40.6
5451,6709,40.6
5452,6709,40.8
5453,6709,40.8
5454,6709,39.8
5455,6709,39.8
5456,6709,38.0
5457,6709,38.0
5458,6709,39.5
5459,6709,39.5
5460,6709,41.1
5461,6709,41.1
5462,6709,40.2
5463,6709,40.2
5464,6709,39.4
5465,6709,39.4
5466,6709,39.7
5467,6709,39.7
5468,6709,39.8
5469,6709,39.8
5470,6709,39.4
5471,6709,39.4
5472,6709,38.7
5473,6709,38.7
5474,6709,38.9
5475,6709,38.9
5476,6709,41.0
5477,6709,41.0
5478,6709,39.8
5479,6709,39.8
5480,6709,40.6
5481,6709,40.6
5482,6709,40.4
5483,6709,40.4
5484,6709,41.5
5485,6709,41.5
5486,6709,39.9
5487,6709,39.9
5488,6709,39.7
5489,6709,39.7
5490,6709,36.8
5491,6709,36.8
5492,6709,39.1
5493,6709,39.1
5494,6709,39.7
5495,6709,39.7
5496,6709,39.1
5497,6709,39.1
5498,6709,37.6
5499,6709,37.6
5500,6709,40.7
5501,6709,40.7
5502,6709,39.6
5503,6709,39.6
5504,6709,40.1
5505,6709,40.1
5506,6709,40.2
5507,6709,40.2
5508,6709,41.5
5509,6709,41.5
5510,6709,39.9
5511,6709,39.9
5512,6709,41.6
5513,6709,41.6
5514,6709,40.3
5515,6709,40.3
5516,6709,39.8
5517,6709,39.8
5518,6709,43.2
5519,6709,43.2
5520,6709,39.1
5521,6709,39.1
5522,6709,39.5
5523,6709,39.5
5524,6709,41.5
5525,6709,41.5
5526,6709,39.9
5527,6709,39.9
5528,6709,39.6
5529,6709,39.6
5530,6709,40.6
5531,6709,40.6
5532,6709,40.3
5533,6709,40.3
5534,6709,41.9
5535,6709,41.9
5536,6709,39.9
5537,6709,39.9
5538,6709,38.1
5539,6709,38.1
5540,6709,41.6
5541,6709,41.6
5542,6709,39.8
5543,6709,39.8
5544,6709,39.2
5545,6709,39.2
5546,6709,40.4
5547,6709,40.4
5548,6709,40.6
5549,6709,40.6
5550,6709,40.1
5551,6709,40.1
5552,6709,38.9
5553,6709,38.9
5554,6709,53.4
5400,6709,53.4
5558,6709,53.4
5559,6710,53.4
5560,6710,53.4
5561,6710,40.1
5562,6710,40.1
5563,6710,39.3
5564,6710,39.3
5565,6710,41.3
5566,6710,41.3
5567,6710,41.3
5568,6710,41.3
5569,6710,40.0
5570,6710,40.0
5571,6710,39.6
5572,6710,39.6
5573,6710,39.3
5574,6710,39.3
5575,6710,40.9
5576,6710,40.9
5577,6710,38.1
5578,6710,38.1
5579,6710,39.8
5580,6710,39.8
5581,6710,39.0
5582,6710,39.0
5583,6710,39.3
5584,6710,39.3
5585,6710,39.3
5586,6710,39.3
5587,6710,40.7
5588,6710,40.7
5589,6710,37.8
5590,6710,37.8
5591,6710,40.2
5592,6710,40.2
5593,6710,39.7
5594,6710,39.7
5595,6710,40.0
5596,6710,40.0
5597,6710,40.2
5598,6710,40.2
5599,6710,39.0
5600,6710,39.0
5601,6710,39.1
5602,6710,39.1
5603,6710,39.2
5604,6710,39.2
5605,6710,39.3
5606,6710,39.3
5607,6710,39.6
5608,6710,39.6
5609,6710,38.4
5610,6710,38.4
5611,6710,38.7
5612,6710,38.7
5613,6710,41.4
5614,6710,41.4
5615,6710,39.7
5616,6710,39.7
5617,6710,40.3
5618,6710,40.3
5619,6710,38.3
5620,6710,38.3
5621,6710,40.4
5622,6710,40.4
5623,6710,39.5
5624,6710,39.5
5625,6710,39.8
5626,6710,39.8
5627,6710,41.6
5628,6710,41.6
5629,6710,40.3
5630,6710,40.3
5631,6710,41.2
5632,6710,41.2
5633,6710,40.8
5634,6710,40.8
5635,6710,40.2
5636,6710,40.2
5637,6710,39.4
5638,6710,39.4
5639,6710,37.6
5640,6710,37.6
5641,6710,40.9
5642,6710,40.9
5643,6710,40.0
5644,6710,40.0
5645,6710,40.9
5646,6710,40.9
5647,6710,39.4
5648,6710,39.4
5649,6710,40.4
5650,6710,40.4
5651,6710,40.4
5652,6710,40.4
5653,6710,40.3
5654,6710,40.3
5655,6710,40.5
5656,6710,40.5
5657,6710,39.6
5658,6710,39.6
5659,6710,40.0
5660,6710,40.0
5661,6710,40.3
5662,6710,40.3
5663,6710,42.1
5664,6710,42.1
5665,6710,37.1
5666,6710,37.1
5667,6710,38.4
5668,6710,38.4
5669,6710,38.2
5670,6710,38.2
5671,6710,39.8
5672,6710,39.8
5673,6710,38.6
5674,6710,38.6
5675,6710,40.4
5676,6710,40.4
5677,6710,38.4
5678,6710,38.4
5679,6710,40.1
5680,6710,40.1
5681,6710,41.2
5682,6710,41.2
5683,6710,39.3
5684,6710,39.3
5685,6710,39.8
5686,6710,39.8
5687,6710,38.0
5688,6710,38.0
5689,6710,40.5
5690,6710,40.5
5691,6710,40.7
5692,6710,40.7
5693,6710,40.4
5694,6710,40.4
5695,6710,38.3
5696,6710,38.3
5697,6710,39.4
5698,6710,39.4
5699,6710,40.4
5700,6710,40.4
5701,6710,39.7
5702,6710,39.7
5703,6710,40.1
5704,6710,40.1
5705,6710,39.4
5706,6710,39.4
5707,6710,40.6
5708,6710,40.6
5709,6710,40.0
5710,6710,40.0
5711,6710,39.2
5712,6710,39.2
5713,6710,40.2
5714,6710,40.2
5715,6710,41.1
5716,6710,41.1
5717,6710,39.7
5718,6710,39.7
5719,6710,38.7
5720,6710,38.7
5721,6710,41.1
5722,6710,41.1
5723,6710,39.3
5724,6710,39.3
5725,6710,40.6
5726,6710,40.6
5727,6710,39.4
5728,6710,39.4
5729,6710,37.6
5730,6710,37.6
5731,6710,40.2
5732,6710,40.2
5733,6710,40.3
5734,6710,40.3
5735,6710,39.4
5736,6710,39.4
5737,6710,39.3
5738,6710,39.3
5739,6710,36.2
5580,6710,36.2
5742,6710,36.2
5743,6711,36.2
5744,6711,36.2
5745,6711,41.0
5746,6711,41.0
5747,6711,40.0
5748,6711,40.0
5749,6711,38.0
5750,6711,38.0
5751,6711,40.5
5752,6711,40.5
5753,6711,41.1
5754,6711,41.1
5755,6711,39.7
5756,6711,39.7
5757,6711,40.9
5758,6711,40.9
5759,6711,41.2
5760,6711,41.2
5761,6711,38.2
5762,6711,38.2
5763,6711,40.5
5764,6711,40.5
5765,6711,40.1
5766,6711,40.1
5767,6711,40.5
5768,6711,40.5
5769,6711,39.0
5770,6711,39.0
5771,6711,41.0
5772,6711,41.0
5773,6711,40.6
5774,6711,40.6
5775,6711,41.3
5776,6711,41.3
5777,6711,37.8
5778,6711,37.8
5779,6711,39.9
5780,6711,39.9
5781,6711,41.7
5782,6711,41.7
5783,6711,39.8
5784,6711,39.8
5785,6711,39.5
5786,6711,39.5
5787,6711,41.4
5788,6711,41.4
5789,6711,39.3
5790,6711,39.3
5791,6711,39.5
5792,6711,39.5
5793,6711,38.7
5794,6711,38.7
5795,6711,38.1
5796,6711,38.1
5797,6711,39.3
5798,6711,39.3
5799,6711,41.2
5800,6711,41.2
5801,6711,40.5
5802,6711,40.5
5803,6711,40.6
5804,6711,40.6
5805,6711,41.3
5806,6711,41.3
5807,6711,40.0
5808,6711,40.0
5809,6711,40.2
5810,6711,40.2
5811,6711,39.5
5812,6711,39.5
5813,6711,39.1
5814,6711,39.1
5815,6711,41.4
5816,6711,41.4
5817,6711,40.9
5818,6711,40.9
5819,6711,40.7
5820,6711,40.7
5821,6711,38.8
5822,6711,38.8
5823,6711,39.7
5824,6711,39.7
5825,6711,37.1
5826,6711,37.1
5827,6711,39.6
5828,6711,39.6
5829,6711,39.7
5830,6711,39.7
5831,6711,39.4
5832,6711,39.4
5833,6711,40.2
5834,6711,40.2
5835,6711,38.5
5836,6711,38.5
5837,6711,39.9
5838,6711,39.9
5839,6711,41.1
5840,6711,41.1
5841,6711,40.3
5842,6711,40.3
5843,6711,38.7
5844,6711,38.7
5845,6711,39.6
5846,6711,39.6
5847,6711,39.5
5848,6711,39.5
5849,6711,40.1
5850,6711,40.1
5851,6711,40.0
5852,6711,40.0
5853,6711,40.9
5854,6711,40.9
5855,6711,40.8
5856,6711,40.8
5857,6711,39.0
5858,6711,39.0
5859,6711,40.0
5860,6711,40.0
5861,6711,40.3
5862,6711,40.3
5863,6711,41.6
5864,6711,41.6
5865,6711,39.4
5866,6711,39.4
5867,6711,38.7
5868,6711,38.7
5869,6711,39.6
5870,6711,39.6
5871,6711,40.4
5872,6711,40.4
5873,6711,40.6
5874,6711,40.6
5875,6711,41.6
5876,6711,41.6
5877,6711,39.7
5878,6711,39.7
5879,6711,39.2
5880,6711,39.2
5881,6711,41.8
5882,6711,41.8
5883,6711,41.0
5884,6711,41.0
5885,6711,39.5
5886,6711,39.5
5887,6711,40.9
5888,6711,40.9
5889,6711,39.4
5890,6711,39.4
5891,6711,38.2
5892,6711,38.2
5893,6711,41.8
5894,6711,41.8
5895,6711,37.4
5896,6711,37.4
5897,6711,41.0
5898,6711,41.0
5899,6711,38.8
5900,6711,38.8
5901,6711,42.2
5902,6711,42.2
5903,6711,41.9
5904,6711,41.9
5905,6711,39.9
5906,6711,39.9
5907,6711,38.9
5908,6711,38.9
5909,6711,38.7
5910,6711,38.7
5911,6711,39.2
5912,6711,39.2
5913,6711,39.7
5914,6711,39.7
5915,6711,41.9
5916,6711,41.9
5917,6711,40.1
5918,6711,40.1
5919,6711,39.1
5920,6711,39.1
5921,6711,39.1
5922,6711,39.1
5923,6711,43.4
5760,6711,43.4
5926,6711,43.4
5927,6712,43.4
5928,6712,43.4
5929,6712,39.8
5930,6712,39.8
5931,6712,39.6
5932,6712,39.6
5933,6712,39.4
5934,6712,39.4
5935,6712,39.2
5936,6712,39.2
5937,6712,37.9
5938,6712,37.9
5939,6712,39.7
5940,6712,39.7
5941,6712,41.1
5942,6712,41.1
5943,6712,40.5
5944,6712,40.5
5945,6712,40.6
5946,6712,40.6
5947,6712,41.1
5948,6712,41.1
5949,6712,37.9
5950,6712,37.9
5951,6712,39.0
5952,6712,39.0
5953,6712,39.4
5954,6712,39.4
5955,6712,39.0
5956,6712,39.0
5957,6712,40.1
5958,6712,40.1
5959,6712,40.8
5960,6712,40.8
5961,6712,40.2
5962,6712,40.2
5963,6712,39.7
5964,6712,39.7
5965,6712,39.1
5966,6712,39.1
5967,6712,38.5
5968,6712,38.5
5969,6712,38.7
5970,6712,38.7
5971,6712,41.3
5972,6712,41.3
5973,6712,40.7
5974,6712,40.7
5975,6712,39.7
5976,6712,39.7
5977,6712,39.3
5978,6712,39.3
5979,6712,38.0
5980,6712,38.0
5981,6712,40.3
5982,6712,40.3
5983,6712,39.9
5984,6712,39.9
5985,6712,38.0
5986,6712,38.0
5987,6712,38.9
5988,6712,38.9
5989,6712,38.8
5990,6712,38.8
5991,6712,40.9
5992,6712,40.9
5993,6712,39.4
5994,6712,39.4
5995,6712,39.0
5996,6712,39.0
5997,6712,39.8
5998,6712,39.8
5999,6712,39.1
6000,6712,39.1
6001,6712,39.8
6002,6712,39.8
6003,6712,39.4
6004,6712,39.4
6005,6712,40.4
6006,6712,40.4
6007,6712,39.8
6008,6712,39.8
6009,6712,39.0
6010,6712,39.0
6011,6712,40.2
6012,6712,40.2
6013,6712,39.7
6014,6712,39.7
6015,6712,39.8
6016,6712,39.8
6017,6712,38.7
6018,6712,38.7
6019,6712,39.7
6020,6712,39.7
6021,6712,39.1
6022,6712,39.1
6023,6712,39.1
6024,6712,39.1
6025,6712,38.9
6026,6712,38.9
6027,6712,39.3
6028,6712,39.3
6029,6712,40.1
6030,6712,40.1
6031,6712,39.4
6032,6712,39.4
6033,6712,41.0
6034,6712,41.0
6035,6712,40.8
6036,6712,40.8
6037,6712,39.9
6038,6712,39.9
6039,6712,39.9
6040,6712,39.9
6041,6712,39.8
6042,6712,39.8
6043,6712,39.2
6044,6712,39.2
6045,6712,40.6
6046,6712,40.6
6047,6712,39.6
6048,6712,39.6
6049,6712,40.4
6050,6712,40.4
6051,6712,38.4
6052,6712,38.4
6053,6712,38.9
6054,6712,38.9
6055,6712,38.6
6056,6712,38.6
6057,6712,41.4
6058,6712,41.4
6059,6712,39.3
6060,6712,39.3
6061,6712,41.3
6062,6712,41.3
6063,6712,38.9
6064,6712,38.9
6065,6712,38.9
6066,6712,38.9
6067,6712,39.0
6068,6712,39.0
6069,6712,39.0
6070,6712,39.0
6071,6712,40.0
6072,6712,40.0
6073,6712,39.4
6074,6712,39.4
6075,6712,39.3
6076,6712,39.3
6077,6712,41.9
6078,6712,41.9
6079,6712,39.5
6080,6712,39.5
6081,6712,39.5
6082,6712,39.5
6083,6712,38.2
6084,6712,38.2
6085,6712,40.5
6086,6712,40.5
6087,6712,41.5
6088,6712,41.5
6089,6712,42.4
6090,6712,42.4
6091,6712,40.7
6092,6712,40.7
6093,6712,41.1
6094,6712,41.1
6095,6712,39.4
6096,6712,39.4
6097,6712,40.6
6098,6712,40.6
6099,6712,40.6
6100,6712,40.6
6101,6712,41.0
6102,6712,41.0
6103,6712,38.2
6104,6712,38.2
6105,6712,39.4
6106,6712,39.4
6107,6712,41.9
5940,6712,41.9
6110,6712,41.9
6111,6713,41.9
6112,6713,41.9
6113,6713,39.2
6114,6713,39.2
6115,6713,38.9
6116,6713,38.9
6117,6713,38.0
6118,6713,38.0
6119,6713,40.8
6120,6713,40.8
6121,6713,41.5
6122,6713,41.5
6123,6713,41.2
6124,6713,41.2
6125,6713,39.3
6126,6713,39.3
6127,6713,41.5
6128,6713,41.5
6129,6713,41.4
6130,6713,41.4
6131,6713,40.9
6132,6713,40.9
6133,6713,41.4
6134,6713,41.4
6135,6713,39.3
6136,6713,39.3
6137,6713,38.5
6138,6713,38.5
6139,6713,40.9
6140,6713,40.9
6141,6713,38.6
6142,6713,38.6
6143,6713,41.5
6144,6713,41.5
6145,6713,40.5
6146,6713,40.5
6147,6713,40.3
6148,6713,40.3
6149,6713,40.0
6150,6713,40.0
6151,6713,39.0
6152,6713,39.0
6153,6713,38.4
6154,6713,38.4
6155,6713,39.6
6156,6713,39.6
6157,6713,39.8
6158,6713,39.8
6159,6713,39.9
6160,6713,39.9
6161,6713,39.5
6162,6713,39.5
6163,6713,37.4
6164,6713,37.4
6165,6713,39.8
6166,6713,39.8
6167,6713,39.4
6168,6713,39.4
6169,6713,39.2
6170,6713,39.2
6171,6713,39.2
6172,6713,39.2
6173,6713,40.4
6174,6713,40.4
6175,6713,39.8
6176,6713,39.8
6177,6713,39.2
6178,6713,39.2
6179,6713,38.8
6180,6713,38.8
6181,6713,37.4
6182,6713,37.4
6183,6713,40.5
6184,6713,40.5
6185,6713,41.9
6186,6713,41.9
6187,6713,38.6
6188,6713,38.6
6189,6713,39.5
6190,6713,39.5
6191,6713,38.5
6192,6713,38.5
6193,6713,39.1
6194,6713,39.1
6195,6713,40.1
6196,6713,40.1
6197,6713,39.8
6198,6713,39.8
6199,6713,41.2
6200,6713,41.2
6201,6713,38.0
6202,6713,38.0
6203,6713,38.9
6204,6713,38.9
6205,6713,41.7
6206,6713,41.7
6207,6713,39.2
6208,6713,39.2
6209,6713,40.3
6210,6713,40.3
6211,6713,40.3
6212,6713,40.3
6213,6713,39.4
6214,6713,39.4
6215,6713,40.9
6216,6713,40.9
6217,6713,40.9
6218,6713,40.9
6219,6713,39.1
6220,6713,39.1
6221,6713,40.0
6222,6713,40.0
6223,6713,40.3
6224,6713,40.3
6225,6713,41.4
6226,6713,41.4
6227,6713,39.1
6228,6713,39.1
6229,6713,40.2
6230,6713,40.2
6231,6713,39.0
6232,6713,39.0
6233,6713,41.3
6234,6713,41.3
6235,6713,38.3
6236,6713,38.3
6237,6713,40.5
6238,6713,40.5
6239,6713,37.8
6240,6713,37.8
6241,6713,40.9
6242,6713,40.9
6243,6713,40.0
6244,6713,40.0
6245,6713,39.4
6246,6713,39.4
6247,6713,39.0
6248,6713,39.0
6249,6713,41.4
6250,6713,41.4
6251,6713,38.7
6252,6713,38.7
6253,6713,38.9
6254,6713,38.9
6255,6713,39.3
6256,6713,39.3
6257,6713,37.8
6258,6713,37.8
6259,6713,39.4
6260,6713,39.4
6261,6713,41.3
6262,6713,41.3
6263,6713,39.3
6264,6713,39.3
6265,6713,41.5
6266,6713,41.5
6267,6713,39.1
6268,6713,39.1
6269,6713,40.4
6270,6713,40.4
6271,6713,39.7
6272,6713,39.7
6273,6713,39.3
6274,6713,39.3
6275,6713,39.1
6276,6713,39.1
6277,6713,40.5
6278,6713,40.5
6279,6713,40.0
6280,6713,40.0
6281,6713,41.0
6282,6713,41.0
6283,6713,40.4
6284,6713,40.4
6285,6713,40.5
6286,6713,40.5
6287,6713,40.4
6288,6713,40.4
6289,6713,39.5
6290,6713,39.5
6291,6713,44.2
6120,6713,44.2
6295,6713,44.2
